Pavia	(3,false,"o_RCC8","TestOpAll")	|||	83.33%	90.0%	75.0%	60.0%	55.0%	90.0%	100.0%	80.0%	100.0%	100.0%	75.0%	75.0%	92.31%	61.11%	90.0%	95.24%	66.67%	100.0%	100.0%	||	81.25%	[81.82, 75.0, 72.73, 57.89, 90.0, 97.56, 72.73, 100.0, 100.0]%
Pavia	(3,false,"o_RCC8","TestOpAll")	|||	85.0%	80.0%	80.0%	95.0%	75.0%	85.0%	95.0%	70.0%	95.0%	90.0%	80.0%	84.21%	86.36%	68.18%	80.95%	95.0%	73.68%	100.0%	100.0%	||	83.12%	[80.0, 82.05, 90.48, 71.43, 82.93, 95.0, 71.79, 97.44, 94.74]%
Pavia	(3,false,"o_RCC8","TestOpAll")	|||	91.67%	100.0%	85.0%	100.0%	65.0%	95.0%	100.0%	80.0%	100.0%	100.0%	100.0%	89.47%	95.24%	81.25%	86.36%	100.0%	72.73%	100.0%	100.0%	||	90.63%	[100.0, 87.18, 97.56, 72.22, 90.48, 100.0, 76.19, 100.0, 100.0]%
Pavia	(3,false,"o_RCC8","TestOpAll")	|||	86.11%	90.0%	75.0%	90.0%	65.0%	85.0%	95.0%	75.0%	100.0%	100.0%	90.0%	93.75%	90.0%	68.42%	85.0%	90.48%	68.18%	100.0%	90.91%	||	84.38%	[90.0, 83.33, 90.0, 66.67, 85.0, 92.68, 71.43, 100.0, 95.24]%
Pavia	(3,false,"o_RCC8","TestOpAll")	|||	80.56%	75.0%	85.0%	85.0%	40.0%	80.0%	100.0%	65.0%	100.0%	95.0%	65.22%	85.0%	85.0%	57.14%	84.21%	95.24%	61.9%	100.0%	86.36%	||	78.12%	[69.77, 85.0, 85.0, 47.06, 82.05, 97.56, 63.41, 100.0, 90.48]%
Pavia	(3,false,"o_RCC8","TestOpAll")	|||	77.78%	75.0%	70.0%	80.0%	35.0%	60.0%	100.0%	85.0%	100.0%	95.0%	88.24%	82.35%	80.0%	53.85%	70.59%	83.33%	60.71%	100.0%	79.17%	||	75.0%	[81.08, 75.68, 80.0, 42.42, 64.86, 90.91, 70.83, 100.0, 86.36]%
Pavia	(3,false,"o_RCC8","TestOpAll")	|||	84.44%	85.0%	85.0%	85.0%	55.0%	75.0%	100.0%	75.0%	100.0%	100.0%	77.27%	80.95%	80.95%	68.75%	83.33%	100.0%	71.43%	100.0%	95.24%	||	82.5%	[80.95, 82.93, 82.93, 61.11, 78.95, 100.0, 73.17, 100.0, 97.56]%
Pavia	(3,false,"o_RCC8","TestOpAll")	|||	84.44%	90.0%	70.0%	90.0%	60.0%	85.0%	100.0%	75.0%	100.0%	90.0%	81.82%	73.68%	81.82%	75.0%	77.27%	100.0%	71.43%	100.0%	100.0%	||	82.5%	[85.71, 71.79, 85.71, 66.67, 80.95, 100.0, 73.17, 100.0, 94.74]%
Pavia	(3,false,"o_RCC8","TestOpAll")	|||	82.78%	90.0%	90.0%	85.0%	65.0%	55.0%	95.0%	65.0%	100.0%	100.0%	90.0%	72.0%	94.44%	59.09%	84.62%	100.0%	65.0%	95.24%	90.91%	||	80.62%	[90.0, 80.0, 89.47, 61.9, 66.67, 97.44, 65.0, 97.56, 95.24]%
Pavia	(3,false,"o_RCC8","TestOpAll")	|||	87.78%	95.0%	85.0%	85.0%	60.0%	80.0%	100.0%	85.0%	100.0%	100.0%	90.48%	89.47%	94.44%	80.0%	84.21%	100.0%	65.38%	100.0%	90.91%	||	86.25%	[92.68, 87.18, 89.47, 68.57, 82.05, 100.0, 73.91, 100.0, 95.24]%
Pavia	(3,false,"o_RCC5","TestOpAll")	|||	82.22%	90.0%	65.0%	60.0%	55.0%	90.0%	100.0%	80.0%	100.0%	100.0%	75.0%	72.22%	92.31%	61.11%	81.82%	95.24%	66.67%	100.0%	100.0%	||	80.0%	[81.82, 68.42, 72.73, 57.89, 85.71, 97.56, 72.73, 100.0, 100.0]%
Pavia	(3,false,"o_RCC5","TestOpAll")	|||	82.78%	75.0%	80.0%	95.0%	70.0%	80.0%	95.0%	70.0%	95.0%	85.0%	78.95%	88.89%	82.61%	66.67%	76.19%	95.0%	70.0%	100.0%	89.47%	||	80.62%	[76.92, 84.21, 88.37, 68.29, 78.05, 95.0, 70.0, 97.44, 87.18]%
Pavia	(3,false,"o_RCC5","TestOpAll")	|||	87.78%	100.0%	85.0%	90.0%	60.0%	90.0%	100.0%	70.0%	100.0%	95.0%	95.24%	85.0%	100.0%	70.59%	81.82%	100.0%	60.87%	100.0%	100.0%	||	86.25%	[97.56, 85.0, 94.74, 64.86, 85.71, 100.0, 65.12, 100.0, 97.44]%
Pavia	(3,false,"o_RCC5","TestOpAll")	|||	86.11%	85.0%	75.0%	95.0%	85.0%	85.0%	95.0%	60.0%	100.0%	95.0%	94.44%	83.33%	90.48%	68.0%	80.95%	86.36%	85.71%	100.0%	90.48%	||	84.38%	[89.47, 78.95, 92.68, 75.56, 82.93, 90.48, 70.59, 100.0, 92.68]%
Pavia	(3,false,"o_RCC5","TestOpAll")	|||	83.89%	80.0%	80.0%	95.0%	80.0%	70.0%	100.0%	55.0%	100.0%	95.0%	94.12%	72.73%	86.36%	66.67%	77.78%	95.24%	78.57%	100.0%	86.36%	||	81.88%	[86.49, 76.19, 90.48, 72.73, 73.68, 97.56, 64.71, 100.0, 90.48]%
Pavia	(3,false,"o_RCC5","TestOpAll")	|||	80.56%	90.0%	60.0%	90.0%	45.0%	60.0%	100.0%	85.0%	100.0%	95.0%	90.0%	80.0%	90.0%	75.0%	63.16%	86.96%	62.96%	100.0%	79.17%	||	78.12%	[90.0, 68.57, 90.0, 56.25, 61.54, 93.02, 72.34, 100.0, 86.36]%
Pavia	(3,false,"o_RCC5","TestOpAll")	|||	81.11%	85.0%	70.0%	85.0%	55.0%	75.0%	100.0%	60.0%	100.0%	100.0%	77.27%	82.35%	80.95%	61.11%	75.0%	95.24%	66.67%	100.0%	86.96%	||	78.75%	[80.95, 75.68, 82.93, 57.89, 75.0, 97.56, 63.16, 100.0, 93.02]%
Pavia	(3,false,"o_RCC5","TestOpAll")	|||	85.56%	95.0%	85.0%	90.0%	60.0%	80.0%	100.0%	60.0%	100.0%	100.0%	76.0%	77.27%	81.82%	70.59%	88.89%	100.0%	80.0%	100.0%	95.24%	||	83.75%	[84.44, 80.95, 85.71, 64.86, 84.21, 100.0, 68.57, 100.0, 97.56]%
Pavia	(3,false,"o_RCC5","TestOpAll")	|||	80.56%	90.0%	75.0%	85.0%	55.0%	65.0%	100.0%	70.0%	100.0%	85.0%	90.0%	68.18%	94.44%	64.71%	65.0%	95.24%	58.33%	95.24%	100.0%	||	78.12%	[90.0, 71.43, 89.47, 59.46, 65.0, 97.56, 63.64, 97.56, 91.89]%
Pavia	(3,false,"o_RCC5","TestOpAll")	|||	88.33%	95.0%	80.0%	85.0%	70.0%	90.0%	100.0%	80.0%	100.0%	95.0%	90.48%	88.89%	94.44%	82.35%	78.26%	100.0%	69.57%	100.0%	95.0%	||	86.87%	[92.68, 84.21, 89.47, 75.68, 83.72, 100.0, 74.42, 100.0, 95.0]%
Salinas-A	(1,false,"o_None","TestOpGeq")	|||	92.5%	100.0%	90.0%	80.0%	100.0%	90.0%	95.0%	100.0%	90.0%	100.0%	83.33%	85.71%	100.0%	||	91.0%	[100.0, 90.0, 88.89, 90.91, 87.8, 97.44]%
Salinas-A	(1,false,"o_None","TestOpGeq")	|||	95.83%	100.0%	90.0%	95.0%	100.0%	100.0%	90.0%	95.24%	94.74%	100.0%	90.91%	95.24%	100.0%	||	95.0%	[97.56, 92.31, 97.44, 95.24, 97.56, 94.74]%
Salinas-A	(1,false,"o_None","TestOpGeq")	|||	99.17%	100.0%	100.0%	100.0%	95.0%	100.0%	100.0%	100.0%	95.24%	100.0%	100.0%	100.0%	100.0%	||	99.0%	[100.0, 97.56, 100.0, 97.44, 100.0, 100.0]%
Salinas-A	(1,false,"o_None","TestOpGeq")	|||	98.33%	100.0%	95.0%	95.0%	100.0%	100.0%	100.0%	100.0%	100.0%	95.0%	95.24%	100.0%	100.0%	||	98.0%	[100.0, 97.44, 95.0, 97.56, 100.0, 100.0]%
Salinas-A	(1,false,"o_None","TestOpGeq")	|||	99.17%	100.0%	100.0%	95.0%	100.0%	100.0%	100.0%	100.0%	95.24%	100.0%	100.0%	100.0%	100.0%	||	99.0%	[100.0, 97.56, 97.44, 100.0, 100.0, 100.0]%
Salinas-A	(1,false,"o_None","TestOpGeq")	|||	96.67%	100.0%	100.0%	95.0%	100.0%	100.0%	85.0%	86.96%	95.24%	100.0%	100.0%	100.0%	100.0%	||	96.0%	[93.02, 97.56, 97.44, 100.0, 100.0, 91.89]%
Salinas-A	(1,false,"o_None","TestOpGeq")	|||	98.33%	100.0%	100.0%	90.0%	100.0%	100.0%	100.0%	100.0%	100.0%	100.0%	90.91%	100.0%	100.0%	||	98.0%	[100.0, 100.0, 94.74, 95.24, 100.0, 100.0]%
Salinas-A	(1,false,"o_None","TestOpGeq")	|||	98.33%	95.0%	100.0%	100.0%	100.0%	100.0%	95.0%	95.0%	100.0%	100.0%	100.0%	100.0%	95.0%	||	98.0%	[95.0, 100.0, 100.0, 100.0, 100.0, 95.0]%
Salinas-A	(1,false,"o_None","TestOpGeq")	|||	97.5%	100.0%	100.0%	90.0%	100.0%	95.0%	100.0%	100.0%	90.91%	100.0%	95.24%	100.0%	100.0%	||	97.0%	[100.0, 95.24, 94.74, 97.56, 97.44, 100.0]%
Salinas-A	(1,false,"o_None","TestOpGeq")	|||	97.5%	95.0%	100.0%	95.0%	100.0%	100.0%	95.0%	95.0%	95.24%	100.0%	100.0%	100.0%	95.0%	||	97.0%	[95.0, 97.56, 97.44, 100.0, 100.0, 95.0]%
Salinas-A	(3,:flattened,"o_None","TestOpGeq")	|||	75.83%	70.0%	90.0%	70.0%	70.0%	70.0%	85.0%	77.78%	72.0%	82.35%	93.33%	77.78%	62.96%	||	71.0%	[73.68, 80.0, 75.68, 80.0, 73.68, 72.34]%
Salinas-A	(3,:flattened,"o_None","TestOpGeq")	|||	70.83%	70.0%	85.0%	65.0%	75.0%	70.0%	60.0%	73.68%	73.91%	72.22%	75.0%	60.87%	70.59%	||	65.0%	[71.79, 79.07, 68.42, 75.0, 65.12, 64.86]%
Salinas-A	(3,:flattened,"o_None","TestOpGeq")	|||	75.0%	75.0%	80.0%	85.0%	75.0%	85.0%	50.0%	83.33%	84.21%	73.91%	75.0%	60.71%	83.33%	||	70.0%	[78.95, 82.05, 79.07, 75.0, 70.83, 62.5]%
Salinas-A	(3,:flattened,"o_None","TestOpGeq")	|||	60.83%	50.0%	70.0%	55.0%	65.0%	75.0%	50.0%	66.67%	53.85%	55.0%	81.25%	57.69%	58.82%	||	53.0%	[57.14, 60.87, 55.0, 72.22, 65.22, 54.05]%
Salinas-A	(3,:flattened,"o_None","TestOpGeq")	|||	67.5%	70.0%	65.0%	60.0%	70.0%	70.0%	70.0%	60.87%	68.42%	66.67%	82.35%	63.64%	66.67%	||	61.0%	[65.12, 66.67, 63.16, 75.68, 66.67, 68.29]%
Salinas-A	(3,:flattened,"o_None","TestOpGeq")	|||	70.0%	65.0%	95.0%	65.0%	65.0%	60.0%	70.0%	86.67%	67.86%	72.22%	61.9%	63.16%	73.68%	||	64.0%	[74.29, 79.17, 68.42, 63.41, 61.54, 71.79]%
Salinas-A	(3,:flattened,"o_None","TestOpGeq")	|||	69.17%	65.0%	70.0%	75.0%	80.0%	65.0%	60.0%	68.42%	73.68%	68.18%	64.0%	86.67%	60.0%	||	63.0%	[66.67, 71.79, 71.43, 71.11, 74.29, 60.0]%
Salinas-A	(3,:flattened,"o_None","TestOpGeq")	|||	67.5%	55.0%	75.0%	60.0%	75.0%	80.0%	60.0%	73.33%	65.22%	54.55%	68.18%	69.57%	80.0%	||	61.0%	[62.86, 69.77, 57.14, 71.43, 74.42, 68.57]%
Salinas-A	(3,:flattened,"o_None","TestOpGeq")	|||	64.17%	40.0%	70.0%	80.0%	65.0%	70.0%	60.0%	53.33%	58.33%	76.19%	81.25%	56.0%	63.16%	||	57.0%	[45.71, 63.64, 78.05, 72.22, 62.22, 61.54]%
Salinas-A	(3,:flattened,"o_None","TestOpGeq")	|||	73.33%	85.0%	75.0%	65.0%	80.0%	60.0%	75.0%	77.27%	71.43%	76.47%	80.0%	75.0%	62.5%	||	68.0%	[80.95, 73.17, 70.27, 80.0, 66.67, 68.18]%
Salinas-A	(3,:averaged,"o_None","TestOpGeq")	|||	95.83%	100.0%	95.0%	85.0%	100.0%	95.0%	100.0%	100.0%	90.48%	100.0%	90.91%	95.0%	100.0%	||	95.0%	[100.0, 92.68, 91.89, 95.24, 95.0, 100.0]%
Salinas-A	(3,:averaged,"o_None","TestOpGeq")	|||	99.17%	100.0%	95.0%	100.0%	100.0%	100.0%	100.0%	100.0%	100.0%	100.0%	100.0%	95.24%	100.0%	||	99.0%	[100.0, 97.44, 100.0, 100.0, 97.56, 100.0]%
Salinas-A	(3,:averaged,"o_None","TestOpGeq")	|||	97.5%	100.0%	95.0%	95.0%	100.0%	95.0%	100.0%	95.24%	90.48%	100.0%	100.0%	100.0%	100.0%	||	97.0%	[97.56, 92.68, 97.44, 100.0, 97.44, 100.0]%
Salinas-A	(3,:averaged,"o_None","TestOpGeq")	|||	98.33%	100.0%	90.0%	100.0%	100.0%	100.0%	100.0%	95.24%	100.0%	100.0%	100.0%	95.24%	100.0%	||	98.0%	[97.56, 94.74, 100.0, 100.0, 97.56, 100.0]%
Salinas-A	(3,:averaged,"o_None","TestOpGeq")	|||	96.67%	100.0%	95.0%	95.0%	100.0%	95.0%	95.0%	95.24%	90.48%	95.0%	100.0%	100.0%	100.0%	||	96.0%	[97.56, 92.68, 95.0, 100.0, 97.44, 97.44]%
Salinas-A	(3,:averaged,"o_None","TestOpGeq")	|||	95.83%	100.0%	80.0%	95.0%	100.0%	100.0%	100.0%	100.0%	94.12%	100.0%	100.0%	83.33%	100.0%	||	95.0%	[100.0, 86.49, 97.44, 100.0, 90.91, 100.0]%
Salinas-A	(3,:averaged,"o_None","TestOpGeq")	|||	96.67%	100.0%	85.0%	95.0%	100.0%	100.0%	100.0%	100.0%	100.0%	95.0%	95.24%	90.91%	100.0%	||	96.0%	[100.0, 91.89, 95.0, 97.56, 95.24, 100.0]%
Salinas-A	(3,:averaged,"o_None","TestOpGeq")	|||	96.67%	100.0%	90.0%	100.0%	100.0%	95.0%	95.0%	90.91%	94.74%	95.24%	100.0%	100.0%	100.0%	||	96.0%	[95.24, 92.31, 97.56, 100.0, 97.44, 97.44]%
Salinas-A	(3,:averaged,"o_None","TestOpGeq")	|||	97.5%	100.0%	95.0%	95.0%	100.0%	100.0%	95.0%	100.0%	100.0%	100.0%	95.24%	90.91%	100.0%	||	97.0%	[100.0, 97.44, 97.44, 97.56, 95.24, 97.44]%
Salinas-A	(3,:averaged,"o_None","TestOpGeq")	|||	93.33%	95.0%	90.0%	90.0%	100.0%	85.0%	100.0%	100.0%	85.71%	94.74%	90.91%	94.44%	95.24%	||	92.0%	[97.44, 87.8, 92.31, 95.24, 89.47, 97.56]%
Salinas-A	(3,false,"o_RCC8","TestOpAll")	|||	96.67%	95.0%	95.0%	95.0%	100.0%	100.0%	95.0%	100.0%	100.0%	100.0%	86.96%	100.0%	95.0%	||	96.0%	[97.44, 97.44, 97.44, 93.02, 100.0, 95.0]%
Salinas-A	(3,false,"o_RCC8","TestOpAll")	|||	98.33%	100.0%	95.0%	100.0%	95.0%	100.0%	100.0%	100.0%	95.0%	100.0%	100.0%	95.24%	100.0%	||	98.0%	[100.0, 95.0, 100.0, 97.44, 97.56, 100.0]%
Salinas-A	(3,false,"o_RCC8","TestOpAll")	|||	98.33%	100.0%	100.0%	100.0%	95.0%	95.0%	100.0%	100.0%	95.24%	100.0%	95.0%	100.0%	100.0%	||	98.0%	[100.0, 97.56, 100.0, 95.0, 97.44, 100.0]%
Salinas-A	(3,false,"o_RCC8","TestOpAll")	|||	96.67%	90.0%	95.0%	100.0%	100.0%	95.0%	100.0%	100.0%	95.0%	95.24%	100.0%	100.0%	90.91%	||	96.0%	[94.74, 95.0, 97.56, 100.0, 97.44, 95.24]%
Salinas-A	(3,false,"o_RCC8","TestOpAll")	|||	97.5%	100.0%	95.0%	100.0%	100.0%	95.0%	95.0%	100.0%	100.0%	95.24%	95.24%	95.0%	100.0%	||	97.0%	[100.0, 97.44, 97.56, 97.56, 95.0, 97.44]%
Salinas-A	(3,false,"o_RCC8","TestOpAll")	|||	99.17%	100.0%	95.0%	100.0%	100.0%	100.0%	100.0%	100.0%	100.0%	100.0%	100.0%	95.24%	100.0%	||	99.0%	[100.0, 97.44, 100.0, 100.0, 97.56, 100.0]%
Salinas-A	(3,false,"o_RCC8","TestOpAll")	|||	95.83%	100.0%	80.0%	100.0%	100.0%	95.0%	100.0%	100.0%	100.0%	86.96%	100.0%	100.0%	90.91%	||	95.0%	[100.0, 88.89, 93.02, 100.0, 97.44, 95.24]%
Salinas-A	(3,false,"o_RCC8","TestOpAll")	|||	95.83%	100.0%	85.0%	100.0%	100.0%	95.0%	95.0%	95.24%	100.0%	95.24%	100.0%	90.48%	95.0%	||	95.0%	[97.56, 91.89, 97.56, 100.0, 92.68, 95.0]%
Salinas-A	(3,false,"o_RCC8","TestOpAll")	|||	98.33%	100.0%	95.0%	100.0%	100.0%	100.0%	95.0%	100.0%	95.0%	100.0%	100.0%	95.24%	100.0%	||	98.0%	[100.0, 95.0, 100.0, 100.0, 97.56, 97.44]%
Salinas-A	(3,false,"o_RCC8","TestOpAll")	|||	94.17%	100.0%	95.0%	90.0%	100.0%	85.0%	95.0%	100.0%	82.61%	94.74%	100.0%	94.44%	95.0%	||	93.0%	[100.0, 88.37, 92.31, 100.0, 89.47, 95.0]%
PaviaCentre	(1,false,"o_None","TestOpGeq")	|||	86.67%	90.0%	100.0%	85.0%	75.0%	70.0%	85.0%	90.0%	90.0%	95.0%	85.71%	95.24%	77.27%	78.95%	77.78%	89.47%	90.0%	85.71%	100.0%	||	85.0%	[87.8, 97.56, 80.95, 76.92, 73.68, 87.18, 90.0, 87.8, 97.44]%
PaviaCentre	(1,false,"o_None","TestOpGeq")	|||	85.0%	90.0%	100.0%	70.0%	75.0%	85.0%	70.0%	95.0%	80.0%	100.0%	85.71%	95.24%	70.0%	83.33%	62.96%	93.33%	95.0%	88.89%	100.0%	||	83.12%	[87.8, 97.56, 70.0, 78.95, 72.34, 80.0, 95.0, 84.21, 100.0]%
PaviaCentre	(1,false,"o_None","TestOpGeq")	|||	85.0%	70.0%	100.0%	80.0%	90.0%	65.0%	85.0%	85.0%	90.0%	100.0%	93.33%	100.0%	64.0%	94.74%	68.42%	89.47%	80.95%	81.82%	100.0%	||	83.12%	[80.0, 100.0, 71.11, 92.31, 66.67, 87.18, 82.93, 85.71, 100.0]%
PaviaCentre	(1,false,"o_None","TestOpGeq")	|||	86.11%	80.0%	100.0%	75.0%	85.0%	80.0%	75.0%	100.0%	80.0%	100.0%	80.0%	100.0%	78.95%	94.44%	61.54%	93.75%	95.24%	80.0%	100.0%	||	84.38%	[80.0, 100.0, 76.92, 89.47, 69.57, 83.33, 97.56, 80.0, 100.0]%
PaviaCentre	(1,false,"o_None","TestOpGeq")	|||	87.22%	90.0%	100.0%	80.0%	85.0%	85.0%	90.0%	75.0%	80.0%	100.0%	78.26%	100.0%	94.12%	89.47%	77.27%	78.26%	93.75%	84.21%	95.24%	||	85.62%	[83.72, 100.0, 86.49, 87.18, 80.95, 83.72, 83.33, 82.05, 97.56]%
PaviaCentre	(1,false,"o_None","TestOpGeq")	|||	85.0%	90.0%	100.0%	80.0%	90.0%	80.0%	65.0%	90.0%	85.0%	85.0%	94.74%	83.33%	84.21%	75.0%	80.0%	81.25%	78.26%	94.44%	100.0%	||	83.12%	[92.31, 90.91, 82.05, 81.82, 80.0, 72.22, 83.72, 89.47, 91.89]%
PaviaCentre	(1,false,"o_None","TestOpGeq")	|||	86.11%	90.0%	100.0%	90.0%	65.0%	75.0%	75.0%	90.0%	90.0%	100.0%	90.0%	100.0%	75.0%	72.22%	83.33%	88.24%	78.26%	90.0%	100.0%	||	84.38%	[90.0, 100.0, 81.82, 68.42, 78.95, 81.08, 83.72, 90.0, 100.0]%
PaviaCentre	(1,false,"o_None","TestOpGeq")	|||	85.56%	80.0%	100.0%	85.0%	85.0%	70.0%	80.0%	90.0%	80.0%	100.0%	80.0%	100.0%	85.0%	85.0%	73.68%	88.89%	78.26%	80.0%	100.0%	||	83.75%	[80.0, 100.0, 85.0, 85.0, 71.79, 84.21, 83.72, 80.0, 100.0]%
PaviaCentre	(1,false,"o_None","TestOpGeq")	|||	90.56%	90.0%	100.0%	85.0%	100.0%	100.0%	65.0%	95.0%	80.0%	100.0%	81.82%	100.0%	85.0%	100.0%	74.07%	92.86%	95.0%	94.12%	100.0%	||	89.38%	[85.71, 100.0, 85.0, 100.0, 85.11, 76.47, 95.0, 86.49, 100.0]%
PaviaCentre	(1,false,"o_None","TestOpGeq")	|||	85.56%	90.0%	100.0%	70.0%	75.0%	85.0%	70.0%	95.0%	95.0%	90.0%	94.74%	95.24%	82.35%	88.24%	62.96%	93.33%	79.17%	90.48%	94.74%	||	83.75%	[92.31, 97.56, 75.68, 81.08, 72.34, 80.0, 86.36, 92.68, 92.31]%
PaviaCentre	(3,:flattened,"o_None","TestOpGeq")	|||	41.67%	45.0%	20.0%	20.0%	45.0%	45.0%	35.0%	65.0%	30.0%	70.0%	42.86%	30.77%	44.44%	50.0%	39.13%	33.33%	40.62%	31.58%	58.33%	||	34.38%	[43.9, 24.24, 27.59, 47.37, 41.86, 34.15, 50.0, 30.77, 63.64]%
PaviaCentre	(3,:flattened,"o_None","TestOpGeq")	|||	48.89%	40.0%	40.0%	60.0%	50.0%	45.0%	50.0%	50.0%	40.0%	65.0%	61.54%	42.11%	44.44%	58.82%	50.0%	47.62%	55.56%	40.0%	48.15%	||	42.5%	[48.48, 41.03, 51.06, 54.05, 47.37, 48.78, 52.63, 40.0, 55.32]%
PaviaCentre	(3,:flattened,"o_None","TestOpGeq")	|||	47.22%	55.0%	50.0%	50.0%	35.0%	40.0%	45.0%	55.0%	30.0%	65.0%	64.71%	43.48%	45.45%	36.84%	57.14%	60.0%	47.83%	35.29%	43.33%	||	40.62%	[59.46, 46.51, 47.62, 35.9, 47.06, 51.43, 51.16, 32.43, 52.0]%
PaviaCentre	(3,:flattened,"o_None","TestOpGeq")	|||	51.67%	75.0%	45.0%	50.0%	40.0%	50.0%	30.0%	60.0%	40.0%	75.0%	53.57%	47.37%	62.5%	61.54%	47.62%	46.15%	54.55%	42.11%	51.72%	||	45.63%	[62.5, 46.15, 55.56, 48.48, 48.78, 36.36, 57.14, 41.03, 61.22]%
PaviaCentre	(3,:flattened,"o_None","TestOpGeq")	|||	37.78%	40.0%	65.0%	40.0%	40.0%	35.0%	30.0%	30.0%	30.0%	30.0%	50.0%	52.0%	26.67%	38.1%	30.43%	60.0%	30.0%	37.5%	31.58%	||	30.0%	[44.44, 57.78, 32.0, 39.02, 32.56, 40.0, 30.0, 33.33, 30.77]%
PaviaCentre	(3,:flattened,"o_None","TestOpGeq")	|||	45.0%	50.0%	35.0%	50.0%	50.0%	45.0%	35.0%	50.0%	30.0%	60.0%	50.0%	33.33%	41.67%	55.56%	47.37%	38.89%	47.62%	30.0%	63.16%	||	38.12%	[50.0, 34.15, 45.45, 52.63, 46.15, 36.84, 48.78, 30.0, 61.54]%
PaviaCentre	(3,:flattened,"o_None","TestOpGeq")	|||	50.0%	55.0%	45.0%	50.0%	40.0%	45.0%	60.0%	55.0%	35.0%	65.0%	57.89%	40.91%	58.82%	50.0%	42.86%	54.55%	50.0%	38.89%	56.52%	||	43.75%	[56.41, 42.86, 54.05, 44.44, 43.9, 57.14, 52.38, 36.84, 60.47]%
PaviaCentre	(3,:flattened,"o_None","TestOpGeq")	|||	43.89%	45.0%	20.0%	30.0%	55.0%	45.0%	50.0%	55.0%	50.0%	45.0%	42.86%	33.33%	31.58%	91.67%	36.0%	40.0%	35.48%	66.67%	45.0%	||	36.88%	[43.9, 25.0, 30.77, 68.75, 40.0, 44.44, 43.14, 57.14, 45.0]%
PaviaCentre	(3,:flattened,"o_None","TestOpGeq")	|||	42.22%	15.0%	35.0%	40.0%	60.0%	60.0%	35.0%	55.0%	30.0%	50.0%	21.43%	41.18%	61.54%	48.0%	48.0%	31.82%	44.0%	33.33%	47.62%	||	35.0%	[17.65, 37.84, 48.48, 53.33, 53.33, 33.33, 48.89, 31.58, 48.78]%
PaviaCentre	(3,:flattened,"o_None","TestOpGeq")	|||	47.22%	40.0%	60.0%	60.0%	35.0%	30.0%	50.0%	30.0%	45.0%	75.0%	61.54%	48.0%	38.71%	46.67%	40.0%	45.45%	42.86%	52.94%	53.57%	||	40.62%	[48.48, 53.33, 47.06, 40.0, 34.29, 47.62, 35.29, 48.65, 62.5]%
PaviaCentre	(3,:averaged,"o_None","TestOpGeq")	|||	88.33%	90.0%	90.0%	95.0%	85.0%	95.0%	85.0%	75.0%	80.0%	100.0%	75.0%	100.0%	90.48%	89.47%	90.48%	77.27%	88.24%	100.0%	90.91%	||	86.87%	[81.82, 94.74, 92.68, 87.18, 92.68, 80.95, 81.08, 88.89, 95.24]%
PaviaCentre	(3,:averaged,"o_None","TestOpGeq")	|||	91.67%	90.0%	100.0%	100.0%	85.0%	100.0%	85.0%	90.0%	80.0%	95.0%	85.71%	95.24%	90.91%	100.0%	90.91%	89.47%	94.74%	80.0%	100.0%	||	90.63%	[87.8, 97.56, 95.24, 91.89, 95.24, 87.18, 92.31, 80.0, 97.44]%
PaviaCentre	(3,:averaged,"o_None","TestOpGeq")	|||	87.22%	90.0%	100.0%	70.0%	80.0%	85.0%	100.0%	80.0%	80.0%	100.0%	78.26%	100.0%	82.35%	84.21%	80.95%	76.92%	100.0%	88.89%	100.0%	||	85.62%	[83.72, 100.0, 75.68, 82.05, 82.93, 86.96, 88.89, 84.21, 100.0]%
PaviaCentre	(3,:averaged,"o_None","TestOpGeq")	|||	92.22%	90.0%	90.0%	95.0%	100.0%	90.0%	80.0%	100.0%	85.0%	100.0%	85.71%	100.0%	95.0%	90.91%	85.71%	100.0%	95.24%	89.47%	90.91%	||	91.25%	[87.8, 94.74, 95.0, 95.24, 87.8, 88.89, 97.56, 87.18, 95.24]%
PaviaCentre	(3,:averaged,"o_None","TestOpGeq")	|||	91.67%	80.0%	95.0%	95.0%	90.0%	95.0%	100.0%	90.0%	85.0%	95.0%	80.0%	100.0%	95.0%	90.0%	95.0%	90.91%	100.0%	80.95%	95.0%	||	90.63%	[80.0, 97.44, 95.0, 90.0, 95.0, 95.24, 94.74, 82.93, 95.0]%
PaviaCentre	(3,:averaged,"o_None","TestOpGeq")	|||	88.33%	90.0%	95.0%	65.0%	90.0%	100.0%	80.0%	90.0%	85.0%	100.0%	85.71%	100.0%	92.86%	94.74%	74.07%	88.89%	81.82%	89.47%	95.24%	||	86.87%	[87.8, 97.44, 76.47, 92.31, 85.11, 84.21, 85.71, 87.18, 97.56]%
PaviaCentre	(3,:averaged,"o_None","TestOpGeq")	|||	91.11%	95.0%	100.0%	65.0%	90.0%	100.0%	95.0%	95.0%	85.0%	95.0%	86.36%	95.24%	92.86%	75.0%	90.91%	95.0%	95.0%	94.44%	100.0%	||	90.0%	[90.48, 97.56, 76.47, 81.82, 95.24, 95.0, 95.0, 89.47, 97.44]%
PaviaCentre	(3,:averaged,"o_None","TestOpGeq")	|||	93.89%	80.0%	100.0%	90.0%	95.0%	100.0%	90.0%	95.0%	95.0%	100.0%	88.89%	100.0%	100.0%	95.0%	86.96%	100.0%	95.0%	82.61%	100.0%	||	93.12%	[84.21, 100.0, 94.74, 95.0, 93.02, 94.74, 95.0, 88.37, 100.0]%
PaviaCentre	(3,:averaged,"o_None","TestOpGeq")	|||	88.89%	85.0%	95.0%	90.0%	80.0%	85.0%	80.0%	100.0%	90.0%	95.0%	89.47%	95.0%	85.71%	84.21%	89.47%	94.12%	83.33%	85.71%	95.0%	||	87.5%	[87.18, 95.0, 87.8, 82.05, 87.18, 86.49, 90.91, 87.8, 95.0]%
PaviaCentre	(3,:averaged,"o_None","TestOpGeq")	|||	94.44%	100.0%	100.0%	100.0%	85.0%	90.0%	90.0%	95.0%	90.0%	100.0%	90.91%	100.0%	95.24%	100.0%	94.74%	90.0%	82.61%	100.0%	100.0%	||	93.75%	[95.24, 100.0, 97.56, 91.89, 92.31, 90.0, 88.37, 94.74, 100.0]%
IndianPines	(1,false,"o_None","TestOpGeq")	|||	71.67%	45.0%	75.0%	65.0%	45.0%	80.0%	90.0%	90.0%	60.0%	55.0%	75.0%	100.0%	80.0%	75.0%	57.69%	76.47%	60.0%	69.57%	81.82%	94.74%	63.16%	55.0%	60.0%	95.24%	76.19%	||	69.09%	[56.25, 65.22, 70.27, 51.43, 74.42, 85.71, 92.31, 61.54, 55.0, 66.67, 97.56, 78.05]%
IndianPines	(1,false,"o_None","TestOpGeq")	|||	59.17%	45.0%	45.0%	45.0%	25.0%	80.0%	95.0%	90.0%	55.0%	15.0%	45.0%	95.0%	75.0%	50.0%	47.37%	52.94%	31.25%	80.0%	82.61%	94.74%	36.67%	30.0%	39.13%	79.17%	71.43%	||	55.45%	[47.37, 46.15, 48.65, 27.78, 80.0, 88.37, 92.31, 44.0, 20.0, 41.86, 86.36, 73.17]%
IndianPines	(1,false,"o_None","TestOpGeq")	|||	69.58%	75.0%	60.0%	60.0%	40.0%	70.0%	90.0%	90.0%	40.0%	55.0%	70.0%	100.0%	85.0%	83.33%	70.59%	63.16%	53.33%	73.68%	69.23%	94.74%	42.11%	52.38%	51.85%	95.24%	89.47%	||	66.82%	[78.95, 64.86, 61.54, 45.71, 71.79, 78.26, 92.31, 41.03, 53.66, 59.57, 97.56, 87.18]%
IndianPines	(1,false,"o_None","TestOpGeq")	|||	62.08%	65.0%	30.0%	55.0%	40.0%	75.0%	80.0%	85.0%	45.0%	45.0%	60.0%	90.0%	75.0%	61.9%	42.86%	44.0%	32.0%	71.43%	72.73%	89.47%	40.91%	60.0%	60.0%	94.74%	88.24%	||	58.64%	[63.41, 35.29, 48.89, 35.56, 73.17, 76.19, 87.18, 42.86, 51.43, 60.0, 92.31, 81.08]%
IndianPines	(1,false,"o_None","TestOpGeq")	|||	68.33%	70.0%	30.0%	35.0%	65.0%	75.0%	80.0%	90.0%	60.0%	50.0%	70.0%	95.0%	100.0%	73.68%	85.71%	41.18%	46.43%	83.33%	69.57%	100.0%	63.16%	45.45%	50.0%	95.0%	95.24%	||	65.45%	[71.79, 44.44, 37.84, 54.17, 78.95, 74.42, 94.74, 61.54, 47.62, 58.33, 95.0, 97.56]%
IndianPines	(1,false,"o_None","TestOpGeq")	|||	61.67%	50.0%	50.0%	35.0%	30.0%	85.0%	90.0%	95.0%	40.0%	45.0%	45.0%	100.0%	75.0%	58.82%	55.56%	46.67%	35.29%	60.71%	78.26%	100.0%	47.06%	39.13%	36.0%	86.96%	100.0%	||	58.18%	[54.05, 52.63, 40.0, 32.43, 70.83, 83.72, 97.44, 43.24, 41.86, 40.0, 93.02, 85.71]%
IndianPines	(1,false,"o_None","TestOpGeq")	|||	66.67%	40.0%	65.0%	40.0%	45.0%	85.0%	75.0%	100.0%	70.0%	55.0%	40.0%	100.0%	85.0%	57.14%	65.0%	53.33%	56.25%	70.83%	83.33%	100.0%	53.85%	42.31%	53.33%	80.0%	80.95%	||	63.64%	[47.06, 65.0, 45.71, 50.0, 77.27, 78.95, 100.0, 60.87, 47.83, 45.71, 88.89, 82.93]%
IndianPines	(1,false,"o_None","TestOpGeq")	|||	61.67%	70.0%	50.0%	50.0%	25.0%	55.0%	65.0%	100.0%	30.0%	55.0%	50.0%	100.0%	90.0%	82.35%	52.63%	50.0%	31.25%	68.75%	68.42%	90.91%	24.0%	50.0%	43.48%	95.24%	90.0%	||	58.18%	[75.68, 51.28, 50.0, 27.78, 61.11, 66.67, 95.24, 26.67, 52.38, 46.51, 97.56, 90.0]%
IndianPines	(1,false,"o_None","TestOpGeq")	|||	71.25%	65.0%	70.0%	45.0%	40.0%	80.0%	100.0%	95.0%	70.0%	40.0%	60.0%	95.0%	95.0%	86.67%	56.0%	56.25%	61.54%	94.12%	74.07%	100.0%	60.87%	44.44%	48.0%	95.0%	86.36%	||	68.64%	[74.29, 62.22, 50.0, 48.48, 86.49, 85.11, 97.44, 65.12, 42.11, 53.33, 95.0, 90.48]%
IndianPines	(1,false,"o_None","TestOpGeq")	|||	63.33%	60.0%	50.0%	55.0%	0.0%	85.0%	85.0%	95.0%	65.0%	40.0%	35.0%	100.0%	90.0%	80.0%	50.0%	40.74%	0.0%	85.0%	68.0%	95.0%	50.0%	42.11%	38.89%	95.24%	85.71%	||	60.0%	[68.57, 50.0, 46.81, 0.0, 85.0, 75.56, 95.0, 56.52, 41.03, 36.84, 97.56, 87.8]%
IndianPines	(3,:flattened,"o_None","TestOpGeq")	|||	55.83%	75.0%	60.0%	30.0%	45.0%	50.0%	45.0%	70.0%	45.0%	45.0%	55.0%	75.0%	75.0%	75.0%	52.17%	54.55%	34.62%	55.56%	56.25%	51.85%	45.0%	52.94%	44.0%	78.95%	83.33%	||	51.82%	[75.0, 55.81, 38.71, 39.13, 52.63, 50.0, 59.57, 45.0, 48.65, 48.89, 76.92, 78.95]%
IndianPines	(3,:flattened,"o_None","TestOpGeq")	|||	57.92%	55.0%	30.0%	55.0%	75.0%	55.0%	50.0%	65.0%	60.0%	65.0%	55.0%	70.0%	60.0%	78.57%	46.15%	55.0%	57.69%	45.83%	55.56%	61.9%	66.67%	61.9%	55.0%	58.33%	57.14%	||	54.09%	[64.71, 36.36, 55.0, 65.22, 50.0, 52.63, 63.41, 63.16, 63.41, 55.0, 63.64, 58.54]%
IndianPines	(3,:flattened,"o_None","TestOpGeq")	|||	66.67%	75.0%	75.0%	70.0%	60.0%	60.0%	65.0%	75.0%	65.0%	70.0%	70.0%	50.0%	65.0%	68.18%	60.0%	82.35%	63.16%	57.14%	59.09%	71.43%	72.22%	60.87%	82.35%	58.82%	72.22%	||	63.64%	[71.43, 66.67, 75.68, 61.54, 58.54, 61.9, 73.17, 68.42, 65.12, 75.68, 54.05, 68.42]%
IndianPines	(3,:flattened,"o_None","TestOpGeq")	|||	63.75%	55.0%	70.0%	60.0%	65.0%	60.0%	75.0%	65.0%	60.0%	60.0%	60.0%	70.0%	65.0%	73.33%	63.64%	60.0%	65.0%	50.0%	68.18%	76.47%	54.55%	75.0%	66.67%	51.85%	76.47%	||	60.45%	[62.86, 66.67, 60.0, 65.0, 54.55, 71.43, 70.27, 57.14, 66.67, 63.16, 59.57, 70.27]%
IndianPines	(3,:flattened,"o_None","TestOpGeq")	|||	59.17%	60.0%	70.0%	65.0%	65.0%	65.0%	35.0%	75.0%	65.0%	30.0%	45.0%	65.0%	70.0%	80.0%	66.67%	68.42%	65.0%	54.17%	63.64%	60.0%	50.0%	60.0%	37.5%	50.0%	73.68%	||	55.45%	[68.57, 68.29, 66.67, 65.0, 59.09, 45.16, 66.67, 56.52, 40.0, 40.91, 56.52, 71.79]%
IndianPines	(3,:flattened,"o_None","TestOpGeq")	|||	58.33%	60.0%	60.0%	60.0%	50.0%	65.0%	55.0%	70.0%	65.0%	55.0%	50.0%	60.0%	50.0%	60.0%	63.16%	60.0%	47.62%	56.52%	68.75%	63.64%	65.0%	64.71%	47.62%	52.17%	55.56%	||	54.55%	[60.0, 61.54, 60.0, 48.78, 60.47, 61.11, 66.67, 65.0, 59.46, 48.78, 55.81, 52.63]%
IndianPines	(3,:flattened,"o_None","TestOpGeq")	|||	60.83%	85.0%	50.0%	65.0%	65.0%	65.0%	35.0%	50.0%	80.0%	60.0%	50.0%	65.0%	60.0%	68.0%	55.56%	61.9%	72.22%	40.62%	46.67%	66.67%	64.0%	63.16%	58.82%	65.0%	80.0%	||	57.27%	[75.56, 52.63, 63.41, 68.42, 50.0, 40.0, 57.14, 71.11, 61.54, 54.05, 65.0, 68.57]%
IndianPines	(3,:flattened,"o_None","TestOpGeq")	|||	62.92%	55.0%	60.0%	70.0%	50.0%	60.0%	80.0%	65.0%	65.0%	50.0%	75.0%	65.0%	60.0%	57.89%	60.0%	77.78%	55.56%	60.0%	72.73%	65.0%	59.09%	66.67%	55.56%	61.9%	66.67%	||	59.55%	[56.41, 60.0, 73.68, 52.63, 60.0, 76.19, 65.0, 61.9, 57.14, 63.83, 63.41, 63.16]%
IndianPines	(3,:flattened,"o_None","TestOpGeq")	|||	56.67%	85.0%	75.0%	60.0%	45.0%	50.0%	45.0%	75.0%	30.0%	50.0%	45.0%	65.0%	55.0%	70.83%	60.0%	70.59%	60.0%	55.56%	45.0%	50.0%	37.5%	58.82%	34.62%	81.25%	68.75%	||	52.73%	[77.27, 66.67, 64.86, 51.43, 52.63, 45.0, 60.0, 33.33, 54.05, 39.13, 72.22, 61.11]%
IndianPines	(3,:flattened,"o_None","TestOpGeq")	|||	59.17%	70.0%	60.0%	75.0%	40.0%	35.0%	65.0%	85.0%	45.0%	55.0%	60.0%	60.0%	60.0%	66.67%	70.59%	60.0%	47.06%	43.75%	65.0%	68.0%	52.94%	61.11%	46.15%	60.0%	66.67%	||	55.45%	[68.29, 64.86, 66.67, 43.24, 38.89, 65.0, 75.56, 48.65, 57.89, 52.17, 60.0, 63.16]%
IndianPines	(3,:averaged,"o_None","TestOpGeq")	|||	72.08%	75.0%	80.0%	50.0%	50.0%	80.0%	100.0%	95.0%	50.0%	55.0%	55.0%	90.0%	85.0%	75.0%	61.54%	58.82%	47.62%	76.19%	95.24%	95.0%	55.56%	55.0%	61.11%	94.74%	89.47%	||	69.55%	[75.0, 69.57, 54.05, 48.78, 78.05, 97.56, 95.0, 52.63, 55.0, 57.89, 92.31, 87.18]%
IndianPines	(3,:averaged,"o_None","TestOpGeq")	|||	72.5%	75.0%	65.0%	55.0%	50.0%	80.0%	100.0%	95.0%	65.0%	45.0%	55.0%	90.0%	95.0%	75.0%	59.09%	78.57%	45.45%	100.0%	83.33%	100.0%	56.52%	52.94%	50.0%	100.0%	82.61%	||	70.0%	[75.0, 61.9, 64.71, 47.62, 88.89, 90.91, 97.44, 60.47, 48.65, 52.38, 94.74, 88.37]%
IndianPines	(3,:averaged,"o_None","TestOpGeq")	|||	65.42%	55.0%	65.0%	45.0%	45.0%	85.0%	95.0%	90.0%	30.0%	45.0%	70.0%	80.0%	80.0%	64.71%	59.09%	52.94%	45.0%	60.71%	95.0%	85.71%	24.0%	56.25%	70.0%	100.0%	88.89%	||	62.27%	[59.46, 61.9, 48.65, 45.0, 70.83, 95.0, 87.8, 26.67, 50.0, 70.0, 88.89, 84.21]%
IndianPines	(3,:averaged,"o_None","TestOpGeq")	|||	72.5%	75.0%	85.0%	60.0%	75.0%	75.0%	75.0%	90.0%	40.0%	35.0%	70.0%	95.0%	95.0%	71.43%	80.95%	63.16%	51.72%	75.0%	88.24%	100.0%	57.14%	70.0%	48.28%	95.0%	86.36%	||	70.0%	[73.17, 82.93, 61.54, 61.22, 75.0, 81.08, 94.74, 47.06, 46.67, 57.14, 95.0, 90.48]%
IndianPines	(3,:averaged,"o_None","TestOpGeq")	|||	70.0%	70.0%	75.0%	60.0%	50.0%	75.0%	90.0%	100.0%	50.0%	50.0%	40.0%	80.0%	100.0%	73.68%	65.22%	54.55%	52.63%	83.33%	90.0%	86.96%	38.46%	47.62%	72.73%	100.0%	90.91%	||	67.27%	[71.79, 69.77, 57.14, 51.28, 78.95, 90.0, 93.02, 43.48, 48.78, 51.61, 88.89, 95.24]%
IndianPines	(3,:averaged,"o_None","TestOpGeq")	|||	67.5%	90.0%	50.0%	45.0%	40.0%	60.0%	90.0%	95.0%	55.0%	45.0%	55.0%	95.0%	90.0%	72.0%	71.43%	47.37%	44.44%	80.0%	100.0%	100.0%	52.38%	40.91%	44.0%	90.48%	78.26%	||	64.55%	[80.0, 58.82, 46.15, 42.11, 68.57, 94.74, 97.44, 53.66, 42.86, 48.89, 92.68, 83.72]%
IndianPines	(3,:averaged,"o_None","TestOpGeq")	|||	69.58%	80.0%	80.0%	30.0%	55.0%	70.0%	95.0%	95.0%	45.0%	30.0%	55.0%	100.0%	100.0%	94.12%	61.54%	66.67%	55.0%	93.33%	90.48%	79.17%	52.94%	40.0%	34.38%	95.24%	86.96%	||	66.82%	[86.49, 69.57, 41.38, 55.0, 80.0, 92.68, 86.36, 48.65, 34.29, 42.31, 97.56, 93.02]%
IndianPines	(3,:averaged,"o_None","TestOpGeq")	|||	70.83%	70.0%	65.0%	60.0%	55.0%	80.0%	85.0%	95.0%	60.0%	40.0%	55.0%	100.0%	85.0%	63.64%	86.67%	57.14%	47.83%	84.21%	94.44%	95.0%	48.0%	88.89%	44.0%	95.24%	77.27%	||	68.18%	[66.67, 74.29, 58.54, 51.16, 82.05, 89.47, 95.0, 53.33, 55.17, 48.89, 97.56, 80.95]%
IndianPines	(3,:averaged,"o_None","TestOpGeq")	|||	74.17%	80.0%	80.0%	50.0%	50.0%	85.0%	80.0%	100.0%	55.0%	50.0%	75.0%	90.0%	95.0%	80.0%	76.19%	52.63%	66.67%	94.44%	84.21%	100.0%	45.83%	47.62%	60.0%	100.0%	95.0%	||	71.82%	[80.0, 78.05, 51.28, 57.14, 89.47, 82.05, 100.0, 50.0, 48.78, 66.67, 94.74, 95.0]%
IndianPines	(3,:averaged,"o_None","TestOpGeq")	|||	74.17%	85.0%	90.0%	65.0%	60.0%	75.0%	75.0%	95.0%	50.0%	45.0%	65.0%	95.0%	90.0%	68.0%	69.23%	52.0%	63.16%	100.0%	100.0%	86.36%	52.63%	56.25%	65.0%	95.0%	100.0%	||	71.82%	[75.56, 78.26, 57.78, 61.54, 85.71, 85.71, 90.48, 51.28, 50.0, 65.0, 95.0, 94.74]%
Salinas	(1,false,"o_None","TestOpGeq")	|||	90.94%	85.0%	95.0%	100.0%	80.0%	95.0%	100.0%	100.0%	70.0%	85.0%	100.0%	95.0%	90.0%	100.0%	100.0%	70.0%	90.0%	94.44%	86.36%	100.0%	80.0%	86.36%	90.91%	100.0%	70.0%	89.47%	100.0%	95.0%	94.74%	100.0%	100.0%	70.0%	100.0%	||	90.33%	[89.47, 90.48, 100.0, 80.0, 90.48, 95.24, 100.0, 70.0, 87.18, 100.0, 95.0, 92.31, 100.0, 100.0, 70.0, 94.74]%
Salinas	(1,false,"o_None","TestOpGeq")	|||	91.25%	95.0%	100.0%	100.0%	75.0%	80.0%	100.0%	100.0%	65.0%	95.0%	100.0%	100.0%	90.0%	100.0%	100.0%	70.0%	90.0%	100.0%	95.24%	95.24%	93.75%	88.89%	90.91%	95.24%	68.42%	100.0%	83.33%	95.24%	94.74%	100.0%	100.0%	63.64%	100.0%	||	90.67%	[97.44, 97.56, 97.56, 83.33, 84.21, 95.24, 97.56, 66.67, 97.44, 90.91, 97.56, 92.31, 100.0, 100.0, 66.67, 94.74]%
Salinas	(1,false,"o_None","TestOpGeq")	|||	86.88%	95.0%	95.0%	95.0%	85.0%	90.0%	90.0%	100.0%	30.0%	85.0%	95.0%	100.0%	85.0%	100.0%	100.0%	55.0%	90.0%	100.0%	95.0%	100.0%	89.47%	81.82%	100.0%	90.91%	31.58%	100.0%	100.0%	83.33%	94.44%	100.0%	100.0%	44.0%	94.74%	||	86.0%	[97.44, 95.0, 97.44, 87.18, 85.71, 94.74, 95.24, 30.77, 91.89, 97.44, 90.91, 89.47, 100.0, 100.0, 48.89, 92.31]%
Salinas	(1,false,"o_None","TestOpGeq")	|||	89.38%	100.0%	90.0%	100.0%	75.0%	80.0%	95.0%	95.0%	60.0%	85.0%	100.0%	100.0%	85.0%	100.0%	100.0%	70.0%	95.0%	95.24%	100.0%	95.24%	100.0%	88.89%	95.0%	82.61%	52.17%	85.0%	95.24%	86.96%	100.0%	100.0%	100.0%	66.67%	100.0%	||	88.67%	[97.56, 94.74, 97.56, 85.71, 84.21, 95.0, 88.37, 55.81, 85.0, 97.56, 93.02, 91.89, 100.0, 100.0, 68.29, 97.44]%
Salinas	(1,false,"o_None","TestOpGeq")	|||	89.69%	90.0%	100.0%	95.0%	85.0%	85.0%	100.0%	100.0%	60.0%	95.0%	95.0%	100.0%	100.0%	100.0%	100.0%	35.0%	95.0%	100.0%	90.91%	95.0%	85.0%	94.44%	90.91%	90.91%	48.0%	95.0%	100.0%	95.24%	100.0%	95.24%	100.0%	58.33%	95.0%	||	89.0%	[94.74, 95.24, 95.0, 85.0, 89.47, 95.24, 95.24, 53.33, 95.0, 97.44, 97.56, 100.0, 97.56, 100.0, 43.75, 95.0]%
Salinas	(1,false,"o_None","TestOpGeq")	|||	88.44%	100.0%	90.0%	95.0%	85.0%	70.0%	100.0%	85.0%	55.0%	100.0%	95.0%	95.0%	95.0%	100.0%	100.0%	60.0%	90.0%	95.24%	100.0%	100.0%	73.91%	93.33%	80.0%	94.44%	57.89%	90.91%	95.0%	95.0%	90.48%	100.0%	100.0%	60.0%	94.74%	||	87.67%	[97.56, 94.74, 97.44, 79.07, 80.0, 88.89, 89.47, 56.41, 95.24, 95.0, 95.0, 92.68, 100.0, 100.0, 60.0, 92.31]%
Salinas	(1,false,"o_None","TestOpGeq")	|||	90.94%	90.0%	100.0%	95.0%	75.0%	95.0%	95.0%	85.0%	50.0%	100.0%	95.0%	85.0%	100.0%	100.0%	100.0%	90.0%	100.0%	100.0%	90.91%	100.0%	78.95%	90.48%	82.61%	94.44%	76.92%	95.24%	90.48%	94.44%	90.91%	100.0%	100.0%	78.26%	90.91%	||	90.33%	[94.74, 95.24, 97.44, 76.92, 92.68, 88.37, 89.47, 60.61, 97.56, 92.68, 89.47, 95.24, 100.0, 100.0, 83.72, 95.24]%
Salinas	(1,false,"o_None","TestOpGeq")	|||	85.94%	90.0%	100.0%	100.0%	75.0%	80.0%	90.0%	90.0%	45.0%	85.0%	90.0%	90.0%	95.0%	95.0%	100.0%	55.0%	95.0%	100.0%	90.91%	95.24%	71.43%	66.67%	100.0%	90.0%	47.37%	100.0%	94.74%	94.74%	90.48%	100.0%	100.0%	47.83%	100.0%	||	85.0%	[94.74, 95.24, 97.56, 73.17, 72.73, 94.74, 90.0, 46.15, 91.89, 92.31, 92.31, 92.68, 97.44, 100.0, 51.16, 97.44]%
Salinas	(1,false,"o_None","TestOpGeq")	|||	90.94%	95.0%	100.0%	100.0%	75.0%	95.0%	100.0%	100.0%	45.0%	90.0%	95.0%	95.0%	85.0%	100.0%	100.0%	80.0%	100.0%	100.0%	95.24%	95.24%	83.33%	76.0%	100.0%	100.0%	69.23%	94.74%	95.0%	90.48%	100.0%	100.0%	100.0%	61.54%	100.0%	||	90.33%	[97.44, 97.56, 97.56, 78.95, 84.44, 100.0, 100.0, 54.55, 92.31, 95.0, 92.68, 91.89, 100.0, 100.0, 69.57, 100.0]%
Salinas	(1,false,"o_None","TestOpGeq")	|||	88.12%	95.0%	100.0%	95.0%	70.0%	100.0%	100.0%	95.0%	40.0%	95.0%	85.0%	100.0%	90.0%	100.0%	100.0%	50.0%	95.0%	100.0%	95.24%	100.0%	82.35%	86.96%	90.91%	100.0%	47.06%	100.0%	94.44%	86.96%	81.82%	100.0%	100.0%	55.56%	82.61%	||	87.33%	[97.44, 97.56, 97.44, 75.68, 93.02, 95.24, 97.44, 43.24, 97.44, 89.47, 93.02, 85.71, 100.0, 100.0, 52.63, 88.37]%
Salinas	(3,:flattened,"o_None","TestOpGeq")	|||	95.0%	90.0%	100.0%	90.0%	100.0%	100.0%	95.0%	85.0%	100.0%	90.0%	95.0%	100.0%	90.0%	90.0%	95.0%	100.0%	100.0%	100.0%	100.0%	100.0%	86.96%	86.96%	95.0%	94.44%	100.0%	94.74%	100.0%	86.96%	100.0%	100.0%	82.61%	100.0%	100.0%	||	94.67%	[94.74, 100.0, 94.74, 93.02, 93.02, 95.0, 89.47, 100.0, 92.31, 97.44, 93.02, 94.74, 94.74, 88.37, 100.0, 100.0]%
Salinas	(3,:flattened,"o_None","TestOpGeq")	|||	95.94%	100.0%	100.0%	95.0%	100.0%	100.0%	95.0%	90.0%	100.0%	90.0%	100.0%	95.0%	95.0%	95.0%	85.0%	100.0%	95.0%	100.0%	100.0%	100.0%	90.91%	95.24%	95.0%	90.0%	95.24%	100.0%	95.24%	100.0%	95.0%	100.0%	85.0%	95.24%	100.0%	||	95.67%	[100.0, 100.0, 97.44, 95.24, 97.56, 95.0, 90.0, 97.56, 94.74, 97.56, 97.44, 95.0, 97.44, 85.0, 97.56, 97.44]%
Salinas	(3,:flattened,"o_None","TestOpGeq")	|||	96.25%	100.0%	100.0%	100.0%	90.0%	100.0%	95.0%	90.0%	95.0%	90.0%	90.0%	100.0%	100.0%	95.0%	95.0%	100.0%	100.0%	100.0%	100.0%	95.24%	85.71%	100.0%	90.48%	94.74%	100.0%	81.82%	100.0%	100.0%	100.0%	100.0%	95.0%	100.0%	100.0%	||	96.0%	[100.0, 100.0, 97.56, 87.8, 100.0, 92.68, 92.31, 97.44, 85.71, 94.74, 100.0, 100.0, 97.44, 95.0, 100.0, 100.0]%
Salinas	(3,:flattened,"o_None","TestOpGeq")	|||	97.5%	100.0%	100.0%	100.0%	90.0%	95.0%	100.0%	90.0%	100.0%	100.0%	100.0%	100.0%	100.0%	100.0%	95.0%	95.0%	95.0%	100.0%	95.24%	100.0%	100.0%	100.0%	90.91%	100.0%	95.24%	90.91%	100.0%	100.0%	100.0%	100.0%	100.0%	95.0%	95.0%	||	97.33%	[100.0, 97.56, 100.0, 94.74, 97.44, 95.24, 94.74, 97.56, 95.24, 100.0, 100.0, 100.0, 100.0, 97.44, 95.0, 95.0]%
Salinas	(3,:flattened,"o_None","TestOpGeq")	|||	96.25%	100.0%	100.0%	100.0%	95.0%	100.0%	90.0%	95.0%	95.0%	100.0%	100.0%	100.0%	95.0%	90.0%	85.0%	95.0%	100.0%	100.0%	100.0%	100.0%	95.0%	90.91%	90.0%	90.48%	100.0%	95.24%	100.0%	90.91%	100.0%	100.0%	94.44%	100.0%	95.24%	||	96.0%	[100.0, 100.0, 100.0, 95.0, 95.24, 90.0, 92.68, 97.44, 97.56, 100.0, 95.24, 97.44, 94.74, 89.47, 97.44, 97.56]%
Salinas	(3,:flattened,"o_None","TestOpGeq")	|||	95.62%	100.0%	100.0%	90.0%	95.0%	100.0%	95.0%	95.0%	95.0%	95.0%	100.0%	100.0%	95.0%	95.0%	75.0%	100.0%	100.0%	100.0%	100.0%	94.74%	95.0%	95.24%	82.61%	90.48%	95.0%	95.0%	100.0%	95.24%	100.0%	100.0%	88.24%	100.0%	100.0%	||	95.33%	[100.0, 100.0, 92.31, 95.0, 97.56, 88.37, 92.68, 95.0, 95.0, 100.0, 97.56, 97.44, 97.44, 81.08, 100.0, 100.0]%
Salinas	(3,:flattened,"o_None","TestOpGeq")	|||	94.69%	95.0%	100.0%	100.0%	100.0%	95.0%	95.0%	95.0%	100.0%	65.0%	100.0%	100.0%	100.0%	90.0%	90.0%	95.0%	95.0%	100.0%	95.24%	100.0%	74.07%	100.0%	90.48%	95.0%	100.0%	100.0%	90.91%	100.0%	100.0%	100.0%	90.0%	95.0%	95.0%	||	94.33%	[97.44, 97.56, 100.0, 85.11, 97.44, 92.68, 95.0, 100.0, 78.79, 95.24, 100.0, 100.0, 94.74, 90.0, 95.0, 95.0]%
Salinas	(3,:flattened,"o_None","TestOpGeq")	|||	95.0%	100.0%	100.0%	100.0%	90.0%	100.0%	90.0%	70.0%	100.0%	100.0%	95.0%	95.0%	100.0%	95.0%	90.0%	100.0%	95.0%	100.0%	100.0%	100.0%	94.74%	100.0%	85.71%	87.5%	100.0%	86.96%	100.0%	100.0%	95.24%	100.0%	78.26%	95.24%	100.0%	||	94.67%	[100.0, 100.0, 100.0, 92.31, 100.0, 87.8, 77.78, 100.0, 93.02, 97.44, 97.44, 97.56, 97.44, 83.72, 97.56, 97.44]%
Salinas	(3,:flattened,"o_None","TestOpGeq")	|||	96.88%	100.0%	100.0%	100.0%	90.0%	100.0%	95.0%	90.0%	100.0%	100.0%	95.0%	100.0%	95.0%	100.0%	85.0%	100.0%	100.0%	100.0%	100.0%	100.0%	100.0%	100.0%	95.0%	90.0%	95.24%	86.96%	100.0%	95.24%	100.0%	100.0%	89.47%	100.0%	100.0%	||	96.67%	[100.0, 100.0, 100.0, 94.74, 100.0, 95.0, 90.0, 97.56, 93.02, 97.44, 97.56, 97.44, 100.0, 87.18, 100.0, 100.0]%
Salinas	(3,:flattened,"o_None","TestOpGeq")	|||	93.44%	100.0%	100.0%	90.0%	90.0%	100.0%	100.0%	80.0%	95.0%	80.0%	95.0%	100.0%	95.0%	95.0%	80.0%	100.0%	95.0%	100.0%	100.0%	94.74%	85.71%	100.0%	90.91%	80.0%	90.48%	84.21%	100.0%	95.24%	100.0%	90.48%	88.89%	95.24%	100.0%	||	93.0%	[100.0, 100.0, 92.31, 87.8, 100.0, 95.24, 80.0, 92.68, 82.05, 97.44, 97.56, 97.44, 92.68, 84.21, 97.56, 97.44]%
Salinas	(3,:averaged,"o_None","TestOpGeq")	|||	95.31%	100.0%	100.0%	100.0%	85.0%	100.0%	100.0%	95.0%	70.0%	100.0%	100.0%	100.0%	100.0%	100.0%	100.0%	85.0%	90.0%	100.0%	100.0%	90.91%	100.0%	95.24%	100.0%	100.0%	77.78%	95.24%	95.24%	100.0%	100.0%	100.0%	100.0%	73.91%	100.0%	||	95.0%	[100.0, 100.0, 95.24, 91.89, 97.56, 100.0, 97.44, 73.68, 97.56, 97.56, 100.0, 100.0, 100.0, 100.0, 79.07, 94.74]%
Salinas	(3,:averaged,"o_None","TestOpGeq")	|||	93.75%	100.0%	100.0%	100.0%	95.0%	95.0%	80.0%	100.0%	75.0%	100.0%	90.0%	95.0%	95.0%	100.0%	100.0%	75.0%	100.0%	100.0%	100.0%	100.0%	95.0%	90.48%	100.0%	95.24%	75.0%	95.24%	100.0%	100.0%	76.0%	100.0%	100.0%	78.95%	100.0%	||	93.33%	[100.0, 100.0, 100.0, 95.0, 92.68, 88.89, 97.56, 75.0, 97.56, 94.74, 97.44, 84.44, 100.0, 100.0, 76.92, 100.0]%
Salinas	(3,:averaged,"o_None","TestOpGeq")	|||	91.25%	95.0%	90.0%	100.0%	70.0%	100.0%	80.0%	100.0%	60.0%	95.0%	100.0%	100.0%	90.0%	100.0%	100.0%	85.0%	95.0%	95.0%	94.74%	100.0%	93.33%	83.33%	94.12%	90.91%	66.67%	95.0%	95.24%	100.0%	94.74%	100.0%	100.0%	65.38%	100.0%	||	90.67%	[95.0, 92.31, 100.0, 80.0, 90.91, 86.49, 95.24, 63.16, 95.0, 97.56, 100.0, 92.31, 100.0, 100.0, 73.91, 97.44]%
Salinas	(3,:averaged,"o_None","TestOpGeq")	|||	91.56%	100.0%	95.0%	100.0%	80.0%	100.0%	90.0%	95.0%	80.0%	90.0%	100.0%	90.0%	70.0%	95.0%	100.0%	80.0%	100.0%	100.0%	100.0%	100.0%	80.0%	90.91%	81.82%	100.0%	64.0%	85.71%	100.0%	100.0%	93.33%	100.0%	100.0%	84.21%	95.24%	||	91.0%	[100.0, 97.44, 100.0, 80.0, 95.24, 85.71, 97.44, 71.11, 87.8, 100.0, 94.74, 80.0, 97.44, 100.0, 82.05, 97.56]%
Salinas	(3,:averaged,"o_None","TestOpGeq")	|||	94.06%	95.0%	100.0%	100.0%	90.0%	100.0%	90.0%	100.0%	65.0%	100.0%	100.0%	95.0%	95.0%	100.0%	100.0%	75.0%	100.0%	100.0%	95.24%	100.0%	94.74%	95.24%	90.0%	95.24%	72.22%	100.0%	100.0%	100.0%	73.08%	100.0%	100.0%	93.75%	100.0%	||	93.67%	[97.44, 97.56, 100.0, 92.31, 97.56, 90.0, 97.56, 68.42, 100.0, 100.0, 97.44, 82.61, 100.0, 100.0, 83.33, 100.0]%
Salinas	(3,:averaged,"o_None","TestOpGeq")	|||	93.44%	100.0%	95.0%	100.0%	80.0%	100.0%	100.0%	90.0%	85.0%	100.0%	100.0%	100.0%	70.0%	100.0%	100.0%	85.0%	90.0%	95.24%	100.0%	90.91%	88.89%	95.24%	83.33%	94.74%	77.27%	95.24%	100.0%	100.0%	87.5%	100.0%	100.0%	89.47%	100.0%	||	93.0%	[97.56, 97.44, 95.24, 84.21, 97.56, 90.91, 92.31, 80.95, 97.56, 100.0, 100.0, 77.78, 100.0, 100.0, 87.18, 94.74]%
Salinas	(3,:averaged,"o_None","TestOpGeq")	|||	94.06%	100.0%	100.0%	100.0%	75.0%	100.0%	95.0%	90.0%	75.0%	100.0%	100.0%	100.0%	95.0%	100.0%	100.0%	80.0%	95.0%	100.0%	100.0%	100.0%	93.75%	95.24%	90.48%	100.0%	71.43%	95.24%	95.24%	100.0%	86.36%	100.0%	100.0%	84.21%	95.0%	||	93.67%	[100.0, 100.0, 100.0, 83.33, 97.56, 92.68, 94.74, 73.17, 97.56, 97.56, 100.0, 90.48, 100.0, 100.0, 82.05, 95.0]%
Salinas	(3,:averaged,"o_None","TestOpGeq")	|||	90.31%	95.0%	100.0%	100.0%	75.0%	95.0%	85.0%	100.0%	85.0%	100.0%	95.0%	85.0%	85.0%	100.0%	95.0%	55.0%	95.0%	100.0%	95.24%	100.0%	88.24%	90.48%	89.47%	80.0%	62.96%	95.24%	86.36%	100.0%	94.44%	100.0%	100.0%	73.33%	100.0%	||	89.67%	[97.44, 97.56, 100.0, 81.08, 92.68, 87.18, 88.89, 72.34, 97.56, 90.48, 91.89, 89.47, 100.0, 97.44, 62.86, 97.44]%
Salinas	(3,:averaged,"o_None","TestOpGeq")	|||	91.56%	100.0%	95.0%	100.0%	90.0%	100.0%	80.0%	95.0%	70.0%	100.0%	100.0%	90.0%	80.0%	100.0%	100.0%	65.0%	100.0%	95.24%	100.0%	100.0%	94.74%	100.0%	100.0%	100.0%	70.0%	86.96%	100.0%	75.0%	84.21%	100.0%	90.91%	76.47%	95.24%	||	91.0%	[97.56, 97.44, 100.0, 92.31, 100.0, 88.89, 97.44, 70.0, 93.02, 100.0, 81.82, 82.05, 100.0, 95.24, 70.27, 97.56]%
Salinas	(3,:averaged,"o_None","TestOpGeq")	|||	90.31%	100.0%	90.0%	100.0%	70.0%	100.0%	80.0%	80.0%	60.0%	95.0%	100.0%	100.0%	90.0%	100.0%	100.0%	85.0%	95.0%	90.91%	100.0%	100.0%	93.33%	90.91%	100.0%	84.21%	75.0%	95.0%	90.91%	66.67%	94.74%	100.0%	100.0%	80.95%	95.0%	||	89.67%	[95.24, 94.74, 100.0, 80.0, 95.24, 88.89, 82.05, 66.67, 95.0, 95.24, 80.0, 92.31, 100.0, 100.0, 82.93, 95.0]%
IndianPines	(3,false,"o_RCC8","TestOpAll")	|||	73.33%	95.0%	85.0%	40.0%	65.0%	65.0%	95.0%	90.0%	50.0%	65.0%	50.0%	95.0%	85.0%	76.0%	65.38%	42.11%	86.67%	92.86%	86.36%	81.82%	62.5%	50.0%	55.56%	100.0%	94.44%	||	70.91%	[84.44, 73.91, 41.03, 74.29, 76.47, 90.48, 85.71, 55.56, 56.52, 52.63, 97.44, 89.47]%
IndianPines	(3,false,"o_RCC8","TestOpAll")	|||	73.33%	80.0%	75.0%	40.0%	65.0%	95.0%	95.0%	95.0%	45.0%	45.0%	60.0%	100.0%	85.0%	72.73%	75.0%	33.33%	72.22%	86.36%	95.0%	100.0%	50.0%	56.25%	57.14%	100.0%	85.0%	||	70.91%	[76.19, 75.0, 36.36, 68.42, 90.48, 95.0, 97.44, 47.37, 50.0, 58.54, 100.0, 85.0]%
IndianPines	(3,false,"o_RCC8","TestOpAll")	|||	75.0%	55.0%	90.0%	55.0%	75.0%	90.0%	90.0%	95.0%	60.0%	45.0%	70.0%	95.0%	80.0%	78.57%	78.26%	57.89%	65.22%	64.29%	90.0%	90.48%	54.55%	75.0%	63.64%	100.0%	94.12%	||	72.73%	[64.71, 83.72, 56.41, 69.77, 75.0, 90.0, 92.68, 57.14, 56.25, 66.67, 97.44, 86.49]%
IndianPines	(3,false,"o_RCC8","TestOpAll")	|||	74.58%	75.0%	80.0%	50.0%	60.0%	75.0%	100.0%	90.0%	65.0%	50.0%	55.0%	95.0%	100.0%	78.95%	72.73%	76.92%	44.44%	93.75%	86.96%	100.0%	54.17%	71.43%	55.0%	100.0%	80.0%	||	72.27%	[76.92, 76.19, 60.61, 51.06, 83.33, 93.02, 94.74, 59.09, 58.82, 55.0, 97.44, 88.89]%
IndianPines	(3,false,"o_RCC8","TestOpAll")	|||	74.17%	75.0%	90.0%	70.0%	35.0%	85.0%	85.0%	90.0%	50.0%	50.0%	60.0%	100.0%	100.0%	100.0%	78.26%	46.67%	46.67%	73.91%	94.44%	100.0%	52.63%	58.82%	63.16%	95.24%	90.91%	||	71.82%	[85.71, 83.72, 56.0, 40.0, 79.07, 89.47, 94.74, 51.28, 54.05, 61.54, 97.56, 95.24]%
IndianPines	(3,false,"o_RCC8","TestOpAll")	|||	71.25%	70.0%	75.0%	60.0%	30.0%	90.0%	95.0%	85.0%	50.0%	60.0%	65.0%	90.0%	85.0%	77.78%	68.18%	57.14%	54.55%	78.26%	82.61%	94.44%	41.67%	54.55%	65.0%	100.0%	85.0%	||	68.64%	[73.68, 71.43, 58.54, 38.71, 83.72, 88.37, 89.47, 45.45, 57.14, 65.0, 94.74, 85.0]%
IndianPines	(3,false,"o_RCC8","TestOpAll")	|||	73.33%	70.0%	90.0%	65.0%	40.0%	90.0%	95.0%	100.0%	55.0%	25.0%	65.0%	95.0%	90.0%	87.5%	69.23%	76.47%	53.33%	85.71%	90.48%	90.91%	45.83%	50.0%	46.43%	100.0%	85.71%	||	70.91%	[77.78, 78.26, 70.27, 45.71, 87.8, 92.68, 95.24, 50.0, 33.33, 54.17, 97.44, 87.8]%
IndianPines	(3,false,"o_RCC8","TestOpAll")	|||	69.17%	75.0%	60.0%	65.0%	40.0%	85.0%	85.0%	95.0%	50.0%	35.0%	65.0%	95.0%	80.0%	68.18%	70.59%	76.47%	42.11%	89.47%	77.27%	100.0%	29.41%	53.85%	65.0%	100.0%	84.21%	||	66.36%	[71.43, 64.86, 70.27, 41.03, 87.18, 80.95, 97.44, 37.04, 42.42, 65.0, 97.44, 82.05]%
IndianPines	(3,false,"o_RCC8","TestOpAll")	|||	79.17%	85.0%	95.0%	55.0%	75.0%	95.0%	100.0%	85.0%	60.0%	55.0%	65.0%	90.0%	90.0%	80.95%	82.61%	64.71%	62.5%	82.61%	90.91%	100.0%	70.59%	55.0%	68.42%	94.74%	100.0%	||	77.27%	[82.93, 88.37, 59.46, 68.18, 88.37, 95.24, 91.89, 64.86, 55.0, 66.67, 92.31, 94.74]%
IndianPines	(3,false,"o_RCC8","TestOpAll")	|||	78.33%	100.0%	75.0%	75.0%	45.0%	90.0%	100.0%	95.0%	65.0%	45.0%	60.0%	100.0%	90.0%	90.91%	83.33%	57.69%	69.23%	94.74%	100.0%	90.48%	50.0%	56.25%	57.14%	100.0%	100.0%	||	76.36%	[95.24, 78.95, 65.22, 54.55, 92.31, 100.0, 92.68, 56.52, 50.0, 58.54, 100.0, 94.74]%
IndianPines	(3,false,"o_RCC5","TestOpAll")	|||	75.42%	65.0%	95.0%	50.0%	55.0%	80.0%	85.0%	95.0%	50.0%	65.0%	75.0%	100.0%	90.0%	76.47%	82.61%	66.67%	68.75%	88.89%	77.27%	95.0%	66.67%	50.0%	60.0%	95.24%	81.82%	||	73.18%	[70.27, 88.37, 57.14, 61.11, 84.21, 80.95, 95.0, 57.14, 56.52, 66.67, 97.56, 85.71]%
IndianPines	(3,false,"o_RCC5","TestOpAll")	|||	76.25%	75.0%	85.0%	70.0%	60.0%	95.0%	85.0%	95.0%	60.0%	45.0%	60.0%	90.0%	95.0%	65.22%	89.47%	58.33%	60.0%	95.0%	94.44%	100.0%	60.0%	52.94%	70.59%	94.74%	79.17%	||	74.09%	[69.77, 87.18, 63.64, 60.0, 95.0, 89.47, 97.44, 60.0, 48.65, 64.86, 92.31, 86.36]%
IndianPines	(3,false,"o_RCC5","TestOpAll")	|||	71.25%	70.0%	90.0%	50.0%	60.0%	80.0%	85.0%	85.0%	55.0%	50.0%	45.0%	100.0%	85.0%	77.78%	75.0%	50.0%	48.0%	69.57%	77.27%	94.44%	44.0%	66.67%	69.23%	100.0%	100.0%	||	68.64%	[73.68, 81.82, 50.0, 53.33, 74.42, 80.95, 89.47, 48.89, 57.14, 54.55, 100.0, 91.89]%
IndianPines	(3,false,"o_RCC5","TestOpAll")	|||	70.0%	55.0%	80.0%	50.0%	50.0%	70.0%	85.0%	90.0%	65.0%	50.0%	55.0%	95.0%	95.0%	84.62%	59.26%	62.5%	47.62%	73.68%	80.95%	85.71%	59.09%	71.43%	55.0%	100.0%	70.37%	||	67.27%	[66.67, 68.09, 55.56, 48.78, 71.79, 82.93, 87.8, 61.9, 58.82, 55.0, 97.44, 80.85]%
IndianPines	(3,false,"o_RCC5","TestOpAll")	|||	74.17%	85.0%	85.0%	55.0%	40.0%	80.0%	90.0%	95.0%	55.0%	50.0%	60.0%	95.0%	100.0%	80.95%	70.83%	73.33%	50.0%	94.12%	94.74%	95.0%	47.83%	45.45%	52.17%	100.0%	95.24%	||	71.82%	[82.93, 77.27, 62.86, 44.44, 86.49, 92.31, 95.0, 51.16, 47.62, 55.81, 97.44, 97.56]%
IndianPines	(3,false,"o_RCC5","TestOpAll")	|||	75.0%	90.0%	80.0%	70.0%	55.0%	95.0%	95.0%	85.0%	45.0%	50.0%	70.0%	85.0%	80.0%	85.71%	76.19%	51.85%	61.11%	76.0%	86.36%	100.0%	60.0%	55.56%	66.67%	100.0%	88.89%	||	72.73%	[87.8, 78.05, 59.57, 57.89, 84.44, 90.48, 91.89, 51.43, 52.63, 68.29, 91.89, 84.21]%
IndianPines	(3,false,"o_RCC5","TestOpAll")	|||	73.75%	65.0%	85.0%	65.0%	70.0%	90.0%	85.0%	100.0%	60.0%	25.0%	45.0%	95.0%	100.0%	81.25%	68.0%	61.9%	56.0%	100.0%	85.0%	90.91%	54.55%	38.46%	60.0%	95.0%	86.96%	||	71.36%	[72.22, 75.56, 63.41, 62.22, 94.74, 85.0, 95.24, 57.14, 30.3, 51.43, 95.0, 93.02]%
IndianPines	(3,false,"o_RCC5","TestOpAll")	|||	70.42%	75.0%	65.0%	70.0%	50.0%	90.0%	80.0%	85.0%	55.0%	35.0%	65.0%	95.0%	80.0%	68.18%	76.47%	73.68%	55.56%	85.71%	80.0%	89.47%	34.38%	53.85%	65.0%	90.48%	88.89%	||	67.73%	[71.43, 70.27, 71.79, 52.63, 87.8, 80.0, 87.18, 42.31, 42.42, 65.0, 92.68, 84.21]%
IndianPines	(3,false,"o_RCC5","TestOpAll")	|||	73.75%	80.0%	85.0%	65.0%	40.0%	90.0%	85.0%	85.0%	55.0%	45.0%	60.0%	100.0%	95.0%	84.21%	70.83%	61.9%	40.0%	85.71%	73.91%	94.44%	64.71%	60.0%	52.17%	100.0%	100.0%	||	71.36%	[82.05, 77.27, 63.41, 40.0, 87.8, 79.07, 89.47, 59.46, 51.43, 55.81, 100.0, 97.44]%
IndianPines	(3,false,"o_RCC5","TestOpAll")	|||	78.33%	75.0%	90.0%	35.0%	65.0%	90.0%	90.0%	100.0%	65.0%	65.0%	70.0%	100.0%	95.0%	88.24%	81.82%	50.0%	76.47%	94.74%	94.74%	86.96%	61.9%	59.09%	58.33%	90.91%	95.0%	||	76.36%	[81.08, 85.71, 41.18, 70.27, 92.31, 92.31, 93.02, 63.41, 61.9, 63.64, 95.24, 95.0]%
PaviaCentre	(3,false,"o_RCC8","TestOpAll")	|||	90.0%	80.0%	95.0%	95.0%	90.0%	95.0%	95.0%	80.0%	85.0%	95.0%	80.0%	95.0%	95.0%	94.74%	90.48%	86.36%	100.0%	77.27%	95.0%	||	88.75%	[80.0, 95.0, 95.0, 92.31, 92.68, 90.48, 88.89, 80.95, 95.0]%
PaviaCentre	(3,false,"o_RCC8","TestOpAll")	|||	92.22%	90.0%	100.0%	95.0%	90.0%	100.0%	90.0%	90.0%	80.0%	95.0%	90.0%	86.96%	100.0%	100.0%	86.96%	90.0%	90.0%	88.89%	100.0%	||	91.25%	[90.0, 93.02, 97.44, 94.74, 93.02, 90.0, 90.0, 84.21, 97.44]%
PaviaCentre	(3,false,"o_RCC8","TestOpAll")	|||	87.78%	95.0%	100.0%	65.0%	80.0%	85.0%	100.0%	80.0%	85.0%	100.0%	86.36%	100.0%	81.25%	80.0%	80.95%	80.0%	100.0%	85.0%	100.0%	||	86.25%	[90.48, 100.0, 72.22, 80.0, 82.93, 88.89, 88.89, 85.0, 100.0]%
PaviaCentre	(3,false,"o_RCC8","TestOpAll")	|||	92.78%	95.0%	100.0%	90.0%	80.0%	95.0%	85.0%	100.0%	90.0%	100.0%	86.36%	100.0%	90.0%	94.12%	86.36%	100.0%	86.96%	94.74%	100.0%	||	91.88%	[90.48, 100.0, 90.0, 86.49, 90.48, 91.89, 93.02, 92.31, 100.0]%
PaviaCentre	(3,false,"o_RCC8","TestOpAll")	|||	91.11%	80.0%	100.0%	90.0%	95.0%	90.0%	85.0%	85.0%	100.0%	95.0%	100.0%	100.0%	90.0%	90.48%	78.26%	94.44%	100.0%	86.96%	86.36%	||	90.0%	[88.89, 100.0, 90.0, 92.68, 83.72, 89.47, 91.89, 93.02, 90.48]%
PaviaCentre	(3,false,"o_RCC8","TestOpAll")	|||	86.67%	95.0%	100.0%	65.0%	70.0%	90.0%	95.0%	85.0%	80.0%	100.0%	76.0%	100.0%	86.67%	77.78%	75.0%	95.0%	85.0%	94.12%	95.24%	||	85.0%	[84.44, 100.0, 74.29, 73.68, 81.82, 95.0, 85.0, 86.49, 97.56]%
PaviaCentre	(3,false,"o_RCC8","TestOpAll")	|||	92.22%	85.0%	100.0%	85.0%	85.0%	100.0%	90.0%	95.0%	90.0%	100.0%	89.47%	100.0%	85.0%	89.47%	86.96%	94.74%	95.0%	90.0%	100.0%	||	91.25%	[87.18, 100.0, 85.0, 87.18, 93.02, 92.31, 95.0, 90.0, 100.0]%
PaviaCentre	(3,false,"o_RCC8","TestOpAll")	|||	91.67%	85.0%	100.0%	80.0%	95.0%	95.0%	85.0%	90.0%	95.0%	100.0%	89.47%	100.0%	94.12%	86.36%	79.17%	100.0%	94.74%	86.36%	100.0%	||	90.63%	[87.18, 100.0, 86.49, 90.48, 86.36, 91.89, 92.31, 90.48, 100.0]%
PaviaCentre	(3,false,"o_RCC8","TestOpAll")	|||	88.89%	90.0%	100.0%	85.0%	75.0%	80.0%	80.0%	100.0%	95.0%	95.0%	90.0%	95.24%	77.27%	78.95%	76.19%	100.0%	95.24%	90.48%	100.0%	||	87.5%	[90.0, 97.56, 80.95, 76.92, 78.05, 88.89, 97.56, 92.68, 97.44]%
PaviaCentre	(3,false,"o_RCC8","TestOpAll")	|||	93.33%	100.0%	100.0%	90.0%	75.0%	100.0%	95.0%	85.0%	95.0%	100.0%	90.91%	100.0%	90.0%	100.0%	86.96%	90.48%	89.47%	95.0%	100.0%	||	92.5%	[95.24, 100.0, 90.0, 85.71, 93.02, 92.68, 87.18, 95.0, 100.0]%
PaviaCentre	(3,false,"o_RCC5","TestOpAll")	|||	90.0%	80.0%	95.0%	100.0%	90.0%	90.0%	95.0%	80.0%	85.0%	95.0%	80.0%	95.0%	90.91%	94.74%	94.74%	86.36%	100.0%	77.27%	95.0%	||	88.75%	[80.0, 95.0, 95.24, 92.31, 92.31, 90.48, 88.89, 80.95, 95.0]%
PaviaCentre	(3,false,"o_RCC5","TestOpAll")	|||	90.56%	90.0%	100.0%	100.0%	85.0%	85.0%	90.0%	90.0%	80.0%	95.0%	90.0%	86.96%	95.24%	100.0%	89.47%	81.82%	85.71%	88.89%	100.0%	||	89.38%	[90.0, 93.02, 97.56, 91.89, 87.18, 85.71, 87.8, 84.21, 97.44]%
PaviaCentre	(3,false,"o_RCC5","TestOpAll")	|||	87.78%	95.0%	100.0%	65.0%	80.0%	85.0%	100.0%	80.0%	85.0%	100.0%	86.36%	100.0%	81.25%	80.0%	80.95%	80.0%	100.0%	85.0%	100.0%	||	86.25%	[90.48, 100.0, 72.22, 80.0, 82.93, 88.89, 88.89, 85.0, 100.0]%
PaviaCentre	(3,false,"o_RCC5","TestOpAll")	|||	92.78%	85.0%	100.0%	95.0%	85.0%	95.0%	85.0%	100.0%	90.0%	100.0%	85.0%	100.0%	95.0%	100.0%	86.36%	100.0%	86.96%	85.71%	100.0%	||	91.88%	[85.0, 100.0, 95.0, 91.89, 90.48, 91.89, 93.02, 87.8, 100.0]%
PaviaCentre	(3,false,"o_RCC5","TestOpAll")	|||	88.89%	85.0%	100.0%	90.0%	90.0%	90.0%	80.0%	85.0%	85.0%	95.0%	85.0%	100.0%	90.0%	94.74%	78.26%	94.12%	85.0%	89.47%	86.36%	||	87.5%	[85.0, 100.0, 90.0, 92.31, 83.72, 86.49, 85.0, 87.18, 90.48]%
PaviaCentre	(3,false,"o_RCC5","TestOpAll")	|||	86.67%	95.0%	100.0%	65.0%	70.0%	90.0%	95.0%	85.0%	80.0%	100.0%	76.0%	100.0%	86.67%	77.78%	75.0%	95.0%	85.0%	94.12%	95.24%	||	85.0%	[84.44, 100.0, 74.29, 73.68, 81.82, 95.0, 85.0, 86.49, 97.56]%
PaviaCentre	(3,false,"o_RCC5","TestOpAll")	|||	92.22%	90.0%	100.0%	85.0%	85.0%	100.0%	90.0%	95.0%	85.0%	100.0%	85.71%	100.0%	85.0%	89.47%	86.96%	94.74%	95.0%	94.44%	100.0%	||	91.25%	[87.8, 100.0, 85.0, 87.18, 93.02, 92.31, 95.0, 89.47, 100.0]%
PaviaCentre	(3,false,"o_RCC5","TestOpAll")	|||	85.0%	70.0%	95.0%	75.0%	70.0%	95.0%	85.0%	90.0%	85.0%	100.0%	77.78%	100.0%	78.95%	87.5%	70.37%	100.0%	90.0%	77.27%	90.91%	||	83.12%	[73.68, 97.44, 76.92, 77.78, 80.85, 91.89, 90.0, 80.95, 95.24]%
PaviaCentre	(3,false,"o_RCC5","TestOpAll")	|||	91.11%	100.0%	100.0%	85.0%	80.0%	90.0%	90.0%	85.0%	90.0%	100.0%	90.91%	100.0%	85.0%	88.89%	85.71%	85.71%	85.0%	100.0%	100.0%	||	90.0%	[95.24, 100.0, 85.0, 84.21, 87.8, 87.8, 85.0, 94.74, 100.0]%
PaviaCentre	(3,false,"o_RCC5","TestOpAll")	|||	92.22%	95.0%	100.0%	85.0%	75.0%	100.0%	95.0%	85.0%	95.0%	100.0%	90.48%	100.0%	89.47%	93.75%	86.96%	90.48%	89.47%	90.48%	100.0%	||	91.25%	[92.68, 100.0, 87.18, 83.33, 93.02, 92.68, 87.18, 92.68, 100.0]%
Salinas	(3,false,"o_RCC8","TestOpAll")	|||	91.56%	95.0%	100.0%	100.0%	85.0%	100.0%	100.0%	95.0%	65.0%	95.0%	100.0%	95.0%	90.0%	95.0%	95.0%	65.0%	90.0%	100.0%	95.24%	90.91%	80.95%	100.0%	95.24%	95.0%	61.9%	90.48%	90.91%	100.0%	100.0%	95.0%	100.0%	72.22%	100.0%	||	91.0%	[97.44, 97.56, 95.24, 82.93, 100.0, 97.56, 95.0, 63.41, 92.68, 95.24, 97.44, 94.74, 95.0, 97.44, 68.42, 94.74]%
Salinas	(3,false,"o_RCC8","TestOpAll")	|||	92.5%	100.0%	100.0%	95.0%	95.0%	90.0%	75.0%	95.0%	70.0%	100.0%	90.0%	95.0%	95.0%	100.0%	95.0%	85.0%	100.0%	100.0%	100.0%	100.0%	95.0%	90.0%	93.75%	86.36%	87.5%	95.24%	100.0%	70.37%	95.0%	100.0%	100.0%	85.0%	90.91%	||	92.0%	[100.0, 100.0, 97.44, 95.0, 90.0, 83.33, 90.48, 77.78, 97.56, 94.74, 80.85, 95.0, 100.0, 97.44, 85.0, 95.24]%
Salinas	(3,false,"o_RCC8","TestOpAll")	|||	92.19%	95.0%	100.0%	100.0%	80.0%	90.0%	80.0%	100.0%	55.0%	95.0%	95.0%	95.0%	90.0%	100.0%	100.0%	100.0%	100.0%	100.0%	95.24%	100.0%	88.89%	90.0%	94.12%	90.91%	78.57%	95.0%	95.0%	86.36%	100.0%	100.0%	100.0%	68.97%	100.0%	||	91.67%	[97.44, 97.56, 100.0, 84.21, 90.0, 86.49, 95.24, 64.71, 95.0, 95.0, 90.48, 94.74, 100.0, 100.0, 81.63, 100.0]%
Salinas	(3,false,"o_RCC8","TestOpAll")	|||	92.81%	100.0%	95.0%	100.0%	85.0%	100.0%	100.0%	95.0%	80.0%	90.0%	100.0%	90.0%	90.0%	100.0%	100.0%	60.0%	100.0%	100.0%	100.0%	100.0%	89.47%	100.0%	90.91%	100.0%	59.26%	90.0%	95.24%	100.0%	94.74%	100.0%	100.0%	75.0%	100.0%	||	92.33%	[100.0, 97.44, 100.0, 87.18, 100.0, 95.24, 97.44, 68.09, 90.0, 97.56, 94.74, 92.31, 100.0, 100.0, 66.67, 100.0]%
Salinas	(3,false,"o_RCC8","TestOpAll")	|||	94.38%	95.0%	100.0%	100.0%	95.0%	90.0%	90.0%	100.0%	65.0%	100.0%	100.0%	100.0%	100.0%	100.0%	100.0%	75.0%	100.0%	100.0%	95.24%	100.0%	95.0%	94.74%	100.0%	90.91%	76.47%	100.0%	100.0%	80.0%	90.91%	100.0%	100.0%	88.24%	100.0%	||	94.0%	[97.44, 97.56, 100.0, 95.0, 92.31, 94.74, 95.24, 70.27, 100.0, 100.0, 88.89, 95.24, 100.0, 100.0, 81.08, 100.0]%
Salinas	(3,false,"o_RCC8","TestOpAll")	|||	92.19%	100.0%	95.0%	100.0%	75.0%	85.0%	100.0%	90.0%	85.0%	100.0%	100.0%	95.0%	95.0%	100.0%	100.0%	70.0%	85.0%	95.24%	100.0%	86.96%	78.95%	100.0%	90.91%	94.74%	73.91%	95.24%	90.91%	100.0%	82.61%	100.0%	100.0%	93.33%	100.0%	||	91.67%	[97.56, 97.44, 93.02, 76.92, 91.89, 95.24, 92.31, 79.07, 97.56, 95.24, 97.44, 88.37, 100.0, 100.0, 80.0, 91.89]%
Salinas	(3,false,"o_RCC8","TestOpAll")	|||	92.5%	100.0%	100.0%	100.0%	80.0%	95.0%	95.0%	90.0%	60.0%	100.0%	95.0%	100.0%	100.0%	100.0%	100.0%	70.0%	95.0%	100.0%	100.0%	90.91%	94.12%	86.36%	100.0%	100.0%	57.14%	90.91%	95.0%	100.0%	100.0%	100.0%	100.0%	70.0%	100.0%	||	92.0%	[100.0, 100.0, 95.24, 86.49, 90.48, 97.44, 94.74, 58.54, 95.24, 95.0, 100.0, 100.0, 100.0, 100.0, 70.0, 97.44]%
Salinas	(3,false,"o_RCC8","TestOpAll")	|||	94.69%	95.0%	100.0%	100.0%	80.0%	95.0%	85.0%	100.0%	80.0%	100.0%	100.0%	95.0%	100.0%	100.0%	100.0%	85.0%	100.0%	100.0%	95.24%	100.0%	94.12%	100.0%	100.0%	80.0%	84.21%	100.0%	95.24%	100.0%	90.91%	100.0%	100.0%	80.95%	100.0%	||	94.33%	[97.44, 97.56, 100.0, 86.49, 97.44, 91.89, 88.89, 82.05, 100.0, 97.56, 97.44, 95.24, 100.0, 100.0, 82.93, 100.0]%
Salinas	(3,false,"o_RCC8","TestOpAll")	|||	89.69%	90.0%	100.0%	90.0%	80.0%	95.0%	90.0%	95.0%	75.0%	95.0%	95.0%	85.0%	85.0%	100.0%	95.0%	65.0%	100.0%	100.0%	100.0%	78.26%	84.21%	100.0%	94.74%	90.48%	78.95%	86.36%	90.48%	80.95%	85.0%	90.91%	100.0%	76.47%	100.0%	||	89.0%	[94.74, 100.0, 83.72, 82.05, 97.44, 92.31, 92.68, 76.92, 90.48, 92.68, 82.93, 85.0, 95.24, 97.44, 70.27, 100.0]%
Salinas	(3,false,"o_RCC8","TestOpAll")	|||	90.31%	95.0%	100.0%	100.0%	75.0%	100.0%	95.0%	80.0%	65.0%	95.0%	100.0%	90.0%	90.0%	100.0%	100.0%	65.0%	95.0%	100.0%	95.24%	95.24%	83.33%	95.24%	95.0%	100.0%	48.15%	100.0%	90.91%	90.0%	90.0%	100.0%	100.0%	76.47%	100.0%	||	89.67%	[97.44, 97.56, 97.56, 78.95, 97.56, 95.0, 88.89, 55.32, 97.44, 95.24, 90.0, 90.0, 100.0, 100.0, 70.27, 97.44]%
Salinas	(3,false,"o_RCC5","TestOpAll")	|||	93.12%	100.0%	100.0%	95.0%	80.0%	100.0%	100.0%	95.0%	65.0%	90.0%	100.0%	95.0%	100.0%	95.0%	100.0%	80.0%	95.0%	100.0%	100.0%	95.0%	80.0%	95.24%	100.0%	100.0%	76.47%	90.0%	90.91%	95.0%	100.0%	95.0%	100.0%	76.19%	95.0%	||	92.67%	[100.0, 100.0, 95.0, 80.0, 97.56, 100.0, 97.44, 70.27, 90.0, 95.24, 95.0, 100.0, 95.0, 100.0, 78.05, 95.0]%
Salinas	(3,false,"o_RCC5","TestOpAll")	|||	92.5%	100.0%	100.0%	95.0%	90.0%	85.0%	75.0%	100.0%	80.0%	95.0%	95.0%	95.0%	95.0%	100.0%	95.0%	80.0%	100.0%	100.0%	100.0%	100.0%	94.74%	94.44%	93.75%	86.96%	80.0%	95.0%	95.0%	86.36%	90.48%	95.24%	100.0%	80.0%	90.91%	||	92.0%	[100.0, 100.0, 97.44, 92.31, 89.47, 83.33, 93.02, 80.0, 95.0, 95.0, 90.48, 92.68, 97.56, 97.44, 80.0, 95.24]%
Salinas	(3,false,"o_RCC5","TestOpAll")	|||	92.81%	100.0%	95.0%	100.0%	75.0%	90.0%	80.0%	100.0%	75.0%	100.0%	95.0%	100.0%	95.0%	100.0%	100.0%	85.0%	95.0%	100.0%	90.48%	100.0%	88.24%	90.0%	94.12%	90.91%	65.22%	95.24%	95.0%	95.24%	100.0%	100.0%	100.0%	85.0%	100.0%	||	92.33%	[100.0, 92.68, 100.0, 81.08, 90.0, 86.49, 95.24, 69.77, 97.56, 95.0, 97.56, 97.44, 100.0, 100.0, 85.0, 97.44]%
Salinas	(3,false,"o_RCC5","TestOpAll")	|||	93.44%	100.0%	95.0%	100.0%	90.0%	95.0%	95.0%	95.0%	65.0%	95.0%	95.0%	100.0%	80.0%	100.0%	100.0%	90.0%	100.0%	100.0%	95.0%	100.0%	94.74%	95.0%	79.17%	100.0%	86.67%	90.48%	90.48%	100.0%	100.0%	100.0%	100.0%	72.0%	100.0%	||	93.0%	[100.0, 95.0, 100.0, 92.31, 95.0, 86.36, 97.44, 74.29, 92.68, 92.68, 100.0, 88.89, 100.0, 100.0, 80.0, 100.0]%
Salinas	(3,false,"o_RCC5","TestOpAll")	|||	91.56%	95.0%	100.0%	100.0%	85.0%	80.0%	90.0%	100.0%	75.0%	100.0%	100.0%	95.0%	90.0%	90.0%	100.0%	65.0%	100.0%	100.0%	95.24%	100.0%	73.91%	80.0%	100.0%	83.33%	65.22%	100.0%	95.24%	100.0%	100.0%	100.0%	90.91%	92.86%	100.0%	||	91.0%	[97.44, 97.56, 100.0, 79.07, 80.0, 94.74, 90.91, 69.77, 100.0, 97.56, 97.44, 94.74, 94.74, 95.24, 76.47, 100.0]%
Salinas	(3,false,"o_RCC5","TestOpAll")	|||	91.88%	100.0%	95.0%	90.0%	75.0%	90.0%	95.0%	90.0%	80.0%	85.0%	100.0%	100.0%	95.0%	100.0%	100.0%	80.0%	95.0%	86.96%	100.0%	94.74%	88.24%	94.74%	95.0%	90.0%	76.19%	94.44%	86.96%	100.0%	90.48%	86.96%	100.0%	88.89%	100.0%	||	91.33%	[93.02, 97.44, 92.31, 81.08, 92.31, 95.0, 90.0, 78.05, 89.47, 93.02, 100.0, 92.68, 93.02, 100.0, 84.21, 97.44]%
Salinas	(3,false,"o_RCC5","TestOpAll")	|||	90.0%	100.0%	85.0%	95.0%	75.0%	90.0%	95.0%	90.0%	60.0%	95.0%	100.0%	100.0%	100.0%	90.0%	95.0%	70.0%	100.0%	100.0%	100.0%	100.0%	83.33%	90.0%	79.17%	100.0%	63.16%	90.48%	90.91%	100.0%	100.0%	90.0%	100.0%	63.64%	95.24%	||	89.33%	[100.0, 91.89, 97.44, 78.95, 90.0, 86.36, 94.74, 61.54, 92.68, 95.24, 100.0, 100.0, 90.0, 97.44, 66.67, 97.56]%
Salinas	(3,false,"o_RCC5","TestOpAll")	|||	91.56%	95.0%	100.0%	100.0%	95.0%	90.0%	85.0%	100.0%	80.0%	90.0%	95.0%	95.0%	85.0%	100.0%	95.0%	70.0%	90.0%	100.0%	95.24%	100.0%	76.0%	94.74%	89.47%	90.91%	64.0%	94.74%	95.0%	100.0%	94.44%	100.0%	100.0%	82.35%	100.0%	||	91.0%	[97.44, 97.56, 100.0, 84.44, 92.31, 87.18, 95.24, 71.11, 92.31, 95.0, 97.44, 89.47, 100.0, 97.44, 75.68, 94.74]%
Salinas	(3,false,"o_RCC5","TestOpAll")	|||	90.31%	95.0%	100.0%	100.0%	70.0%	95.0%	80.0%	95.0%	70.0%	100.0%	90.0%	90.0%	85.0%	100.0%	100.0%	75.0%	100.0%	100.0%	90.91%	100.0%	70.0%	86.36%	94.12%	100.0%	77.78%	90.91%	94.74%	94.74%	89.47%	86.96%	100.0%	71.43%	100.0%	||	89.67%	[97.44, 95.24, 100.0, 70.0, 90.48, 86.49, 97.44, 73.68, 95.24, 92.31, 92.31, 87.18, 93.02, 100.0, 73.17, 100.0]%
Salinas	(3,false,"o_RCC5","TestOpAll")	|||	91.56%	100.0%	100.0%	100.0%	70.0%	100.0%	80.0%	90.0%	65.0%	95.0%	100.0%	95.0%	95.0%	100.0%	100.0%	80.0%	95.0%	100.0%	90.91%	100.0%	73.68%	90.91%	100.0%	85.71%	72.22%	95.0%	90.91%	86.36%	95.0%	100.0%	100.0%	84.21%	100.0%	||	91.0%	[100.0, 95.24, 100.0, 71.79, 95.24, 88.89, 87.8, 68.42, 95.0, 95.24, 90.48, 95.0, 100.0, 100.0, 82.05, 97.44]%
Salinas-A	(3,false,"o_RCC5","TestOpAll")	|||	96.67%	95.0%	95.0%	95.0%	100.0%	100.0%	95.0%	100.0%	100.0%	100.0%	86.96%	100.0%	95.0%	||	96.0%	[97.44, 97.44, 97.44, 93.02, 100.0, 95.0]%
Salinas-A	(3,false,"o_RCC5","TestOpAll")	|||	99.17%	100.0%	100.0%	100.0%	100.0%	95.0%	100.0%	100.0%	100.0%	100.0%	95.24%	100.0%	100.0%	||	99.0%	[100.0, 100.0, 100.0, 97.56, 97.44, 100.0]%
Salinas-A	(3,false,"o_RCC5","TestOpAll")	|||	99.17%	100.0%	100.0%	100.0%	100.0%	95.0%	100.0%	100.0%	100.0%	100.0%	95.24%	100.0%	100.0%	||	99.0%	[100.0, 100.0, 100.0, 97.56, 97.44, 100.0]%
Salinas-A	(3,false,"o_RCC5","TestOpAll")	|||	97.5%	100.0%	95.0%	95.0%	100.0%	95.0%	100.0%	100.0%	95.0%	95.0%	95.24%	100.0%	100.0%	||	97.0%	[100.0, 95.0, 95.0, 97.56, 97.44, 100.0]%
Salinas-A	(3,false,"o_RCC5","TestOpAll")	|||	96.67%	100.0%	95.0%	95.0%	100.0%	95.0%	95.0%	100.0%	95.0%	100.0%	95.24%	90.48%	100.0%	||	96.0%	[100.0, 95.0, 97.44, 97.56, 92.68, 97.44]%
Salinas-A	(3,false,"o_RCC5","TestOpAll")	|||	97.5%	95.0%	95.0%	95.0%	100.0%	100.0%	100.0%	100.0%	95.0%	100.0%	95.24%	100.0%	95.24%	||	97.0%	[97.44, 95.0, 97.44, 97.56, 100.0, 97.56]%
Salinas-A	(3,false,"o_RCC5","TestOpAll")	|||	95.0%	100.0%	80.0%	100.0%	100.0%	90.0%	100.0%	100.0%	100.0%	86.96%	100.0%	100.0%	86.96%	||	94.0%	[100.0, 88.89, 93.02, 100.0, 94.74, 93.02]%
Salinas-A	(3,false,"o_RCC5","TestOpAll")	|||	96.67%	100.0%	90.0%	100.0%	100.0%	90.0%	100.0%	95.24%	100.0%	100.0%	95.24%	94.74%	95.24%	||	96.0%	[97.56, 94.74, 100.0, 97.56, 92.31, 97.56]%
Salinas-A	(3,false,"o_RCC5","TestOpAll")	|||	98.33%	100.0%	95.0%	100.0%	100.0%	100.0%	95.0%	100.0%	95.0%	100.0%	100.0%	95.24%	100.0%	||	98.0%	[100.0, 95.0, 100.0, 100.0, 97.56, 97.44]%
Salinas-A	(3,false,"o_RCC5","TestOpAll")	|||	97.5%	100.0%	95.0%	100.0%	100.0%	95.0%	95.0%	100.0%	100.0%	100.0%	95.24%	90.48%	100.0%	||	97.0%	[100.0, 97.44, 100.0, 97.56, 92.68, 97.44]%
Pavia	(1,false,"o_None","TestOpGeq")	|||	77.22%	85.0%	80.0%	80.0%	55.0%	55.0%	100.0%	45.0%	100.0%	95.0%	73.91%	69.57%	84.21%	55.0%	78.57%	95.24%	56.25%	95.24%	82.61%	||	74.38%	[79.07, 74.42, 82.05, 55.0, 64.71, 97.56, 50.0, 97.56, 88.37]%
Pavia	(1,false,"o_None","TestOpGeq")	|||	77.22%	75.0%	70.0%	85.0%	80.0%	40.0%	100.0%	60.0%	100.0%	85.0%	75.0%	58.33%	85.0%	69.57%	53.33%	95.24%	80.0%	100.0%	77.27%	||	74.38%	[75.0, 63.64, 85.0, 74.42, 45.71, 97.56, 68.57, 100.0, 80.95]%
Pavia	(1,false,"o_None","TestOpGeq")	|||	77.22%	70.0%	75.0%	80.0%	60.0%	60.0%	100.0%	65.0%	95.0%	90.0%	63.64%	65.22%	72.73%	66.67%	63.16%	100.0%	81.25%	95.0%	90.0%	||	74.38%	[66.67, 69.77, 76.19, 63.16, 61.54, 100.0, 72.22, 95.0, 90.0]%
Pavia	(1,false,"o_None","TestOpGeq")	|||	71.11%	75.0%	65.0%	70.0%	55.0%	35.0%	100.0%	50.0%	100.0%	90.0%	68.18%	59.09%	66.67%	61.11%	50.0%	95.24%	58.82%	95.24%	75.0%	||	67.5%	[71.43, 61.9, 68.29, 57.89, 41.18, 97.56, 54.05, 97.56, 81.82]%
Pavia	(1,false,"o_None","TestOpGeq")	|||	76.11%	75.0%	75.0%	75.0%	65.0%	45.0%	100.0%	60.0%	95.0%	95.0%	75.0%	65.22%	75.0%	56.52%	64.29%	95.24%	66.67%	100.0%	86.36%	||	73.12%	[75.0, 69.77, 75.0, 60.47, 52.94, 97.56, 63.16, 97.44, 90.48]%
Pavia	(1,false,"o_None","TestOpGeq")	|||	79.44%	65.0%	70.0%	95.0%	65.0%	65.0%	95.0%	60.0%	100.0%	100.0%	92.86%	73.68%	82.61%	56.52%	68.42%	95.0%	66.67%	95.24%	86.96%	||	76.88%	[76.47, 71.79, 88.37, 60.47, 66.67, 95.0, 63.16, 97.56, 93.02]%
Pavia	(1,false,"o_None","TestOpGeq")	|||	76.11%	70.0%	85.0%	90.0%	55.0%	40.0%	100.0%	55.0%	100.0%	90.0%	77.78%	73.91%	72.0%	61.11%	61.54%	95.24%	64.71%	100.0%	72.0%	||	73.12%	[73.68, 79.07, 80.0, 57.89, 48.48, 97.56, 59.46, 100.0, 80.0]%
Pavia	(1,false,"o_None","TestOpGeq")	|||	73.89%	60.0%	70.0%	75.0%	50.0%	50.0%	100.0%	65.0%	100.0%	95.0%	70.59%	60.87%	83.33%	52.63%	58.82%	100.0%	52.0%	100.0%	90.48%	||	70.62%	[64.86, 65.12, 78.95, 51.28, 54.05, 100.0, 57.78, 100.0, 92.68]%
Pavia	(1,false,"o_None","TestOpGeq")	|||	76.11%	75.0%	80.0%	85.0%	50.0%	60.0%	100.0%	50.0%	100.0%	85.0%	83.33%	69.57%	80.95%	52.63%	60.0%	90.91%	52.63%	100.0%	94.44%	||	73.12%	[78.95, 74.42, 82.93, 51.28, 60.0, 95.24, 51.28, 100.0, 89.47]%
Pavia	(1,false,"o_None","TestOpGeq")	|||	77.22%	80.0%	70.0%	95.0%	55.0%	45.0%	100.0%	55.0%	100.0%	95.0%	84.21%	66.67%	79.17%	61.11%	60.0%	100.0%	52.38%	100.0%	86.36%	||	74.38%	[82.05, 68.29, 86.36, 57.89, 51.43, 100.0, 53.66, 100.0, 90.48]%
Pavia	(3,:flattened,"o_None","TestOpGeq")	|||	46.11%	45.0%	20.0%	50.0%	50.0%	60.0%	40.0%	45.0%	60.0%	45.0%	45.0%	44.44%	52.63%	43.48%	63.16%	36.36%	31.03%	50.0%	60.0%	||	39.38%	[45.0, 27.59, 51.28, 46.51, 61.54, 38.1, 36.73, 54.55, 51.43]%
Pavia	(3,:flattened,"o_None","TestOpGeq")	|||	43.33%	60.0%	20.0%	45.0%	20.0%	40.0%	30.0%	65.0%	55.0%	55.0%	54.55%	30.77%	47.37%	21.05%	38.1%	31.58%	50.0%	47.83%	61.11%	||	36.25%	[57.14, 24.24, 46.15, 20.51, 39.02, 30.77, 56.52, 51.16, 57.89]%
Pavia	(3,:flattened,"o_None","TestOpGeq")	|||	55.56%	75.0%	50.0%	50.0%	30.0%	60.0%	75.0%	60.0%	55.0%	45.0%	71.43%	45.45%	45.45%	75.0%	57.14%	60.0%	50.0%	64.71%	45.0%	||	50.0%	[73.17, 47.62, 47.62, 42.86, 58.54, 66.67, 54.55, 59.46, 45.0]%
Pavia	(3,:flattened,"o_None","TestOpGeq")	|||	46.11%	50.0%	20.0%	45.0%	50.0%	30.0%	60.0%	75.0%	35.0%	50.0%	50.0%	21.05%	39.13%	47.62%	42.86%	70.59%	45.45%	41.18%	62.5%	||	39.38%	[50.0, 20.51, 41.86, 48.78, 35.29, 64.86, 56.6, 37.84, 55.56]%
Pavia	(3,:flattened,"o_None","TestOpGeq")	|||	50.56%	50.0%	20.0%	70.0%	60.0%	45.0%	50.0%	50.0%	60.0%	50.0%	52.63%	40.0%	48.28%	42.86%	56.25%	43.48%	52.63%	66.67%	55.56%	||	44.38%	[51.28, 26.67, 57.14, 50.0, 50.0, 46.51, 51.28, 63.16, 52.63]%
Pavia	(3,:flattened,"o_None","TestOpGeq")	|||	40.0%	25.0%	35.0%	45.0%	30.0%	35.0%	25.0%	55.0%	80.0%	30.0%	25.0%	36.84%	36.0%	37.5%	46.67%	26.32%	39.29%	66.67%	42.86%	||	32.5%	[25.0, 35.9, 40.0, 33.33, 40.0, 25.64, 45.83, 72.73, 35.29]%
Pavia	(3,:flattened,"o_None","TestOpGeq")	|||	47.78%	50.0%	40.0%	60.0%	45.0%	55.0%	40.0%	40.0%	50.0%	50.0%	58.82%	27.59%	48.0%	75.0%	68.75%	44.44%	40.0%	38.46%	58.82%	||	41.25%	[54.05, 32.65, 53.33, 56.25, 61.11, 42.11, 40.0, 43.48, 54.05]%
Pavia	(3,:flattened,"o_None","TestOpGeq")	|||	46.67%	40.0%	75.0%	40.0%	50.0%	50.0%	45.0%	55.0%	30.0%	35.0%	34.78%	46.88%	44.44%	62.5%	55.56%	37.5%	50.0%	46.15%	50.0%	||	40.0%	[37.21, 57.69, 42.11, 55.56, 52.63, 40.91, 52.38, 36.36, 41.18]%
Pavia	(3,:flattened,"o_None","TestOpGeq")	|||	45.0%	50.0%	55.0%	45.0%	50.0%	35.0%	55.0%	40.0%	40.0%	35.0%	40.0%	45.83%	56.25%	50.0%	36.84%	45.83%	38.1%	61.54%	38.89%	||	38.12%	[44.44, 50.0, 50.0, 50.0, 35.9, 50.0, 39.02, 48.48, 36.84]%
Pavia	(3,:flattened,"o_None","TestOpGeq")	|||	45.0%	30.0%	35.0%	35.0%	55.0%	35.0%	55.0%	65.0%	45.0%	50.0%	40.0%	50.0%	58.33%	40.74%	58.33%	45.83%	38.24%	60.0%	37.04%	||	38.12%	[34.29, 41.18, 43.75, 46.81, 43.75, 50.0, 48.15, 51.43, 42.55]%
Pavia	(3,:averaged,"o_None","TestOpGeq")	|||	81.11%	70.0%	70.0%	85.0%	75.0%	55.0%	100.0%	75.0%	100.0%	100.0%	77.78%	70.0%	80.95%	75.0%	64.71%	95.24%	78.95%	100.0%	83.33%	||	78.75%	[73.68, 70.0, 82.93, 75.0, 59.46, 97.56, 76.92, 100.0, 90.91]%
Pavia	(3,:averaged,"o_None","TestOpGeq")	|||	82.78%	75.0%	70.0%	95.0%	65.0%	75.0%	90.0%	80.0%	100.0%	95.0%	83.33%	77.78%	79.17%	68.42%	71.43%	94.74%	76.19%	100.0%	95.0%	||	80.62%	[78.95, 73.68, 86.36, 66.67, 73.17, 92.31, 78.05, 100.0, 95.0]%
Pavia	(3,:averaged,"o_None","TestOpGeq")	|||	84.44%	80.0%	70.0%	90.0%	80.0%	80.0%	100.0%	70.0%	95.0%	95.0%	84.21%	82.35%	85.71%	69.57%	72.73%	100.0%	77.78%	100.0%	90.48%	||	82.5%	[82.05, 75.68, 87.8, 74.42, 76.19, 100.0, 73.68, 97.44, 92.68]%
Pavia	(3,:averaged,"o_None","TestOpGeq")	|||	77.22%	80.0%	55.0%	70.0%	75.0%	70.0%	90.0%	60.0%	100.0%	95.0%	69.57%	73.33%	77.78%	65.22%	66.67%	90.0%	75.0%	95.24%	82.61%	||	74.38%	[74.42, 62.86, 73.68, 69.77, 68.29, 90.0, 66.67, 97.56, 88.37]%
Pavia	(3,:averaged,"o_None","TestOpGeq")	|||	82.22%	75.0%	90.0%	85.0%	70.0%	65.0%	100.0%	65.0%	100.0%	90.0%	88.24%	78.26%	77.27%	63.64%	81.25%	95.24%	72.22%	100.0%	85.71%	||	80.0%	[81.08, 83.72, 80.95, 66.67, 72.22, 97.56, 68.42, 100.0, 87.8]%
Pavia	(3,:averaged,"o_None","TestOpGeq")	|||	81.67%	85.0%	70.0%	70.0%	60.0%	75.0%	95.0%	90.0%	100.0%	90.0%	70.83%	73.68%	82.35%	85.71%	71.43%	90.48%	69.23%	100.0%	100.0%	||	79.38%	[77.27, 71.79, 75.68, 70.59, 73.17, 92.68, 78.26, 100.0, 94.74]%
Pavia	(3,:averaged,"o_None","TestOpGeq")	|||	82.78%	70.0%	95.0%	95.0%	75.0%	45.0%	100.0%	70.0%	100.0%	95.0%	82.35%	67.86%	79.17%	71.43%	90.0%	95.24%	87.5%	100.0%	82.61%	||	80.62%	[75.68, 79.17, 86.36, 73.17, 60.0, 97.56, 77.78, 100.0, 88.37]%
Pavia	(3,:averaged,"o_None","TestOpGeq")	|||	74.44%	65.0%	70.0%	90.0%	60.0%	55.0%	90.0%	50.0%	100.0%	90.0%	72.22%	51.85%	78.26%	50.0%	73.33%	100.0%	62.5%	100.0%	94.74%	||	71.25%	[68.42, 59.57, 83.72, 54.55, 62.86, 94.74, 55.56, 100.0, 92.31]%
Pavia	(3,:averaged,"o_None","TestOpGeq")	|||	77.78%	65.0%	80.0%	85.0%	65.0%	55.0%	100.0%	70.0%	100.0%	80.0%	72.22%	69.57%	70.83%	65.0%	61.11%	95.24%	77.78%	100.0%	88.89%	||	75.0%	[68.42, 74.42, 77.27, 65.0, 57.89, 97.56, 73.68, 100.0, 84.21]%
Pavia	(3,:averaged,"o_None","TestOpGeq")	|||	77.22%	55.0%	90.0%	75.0%	60.0%	60.0%	100.0%	85.0%	100.0%	70.0%	68.75%	64.29%	78.95%	60.0%	66.67%	100.0%	70.83%	100.0%	93.33%	||	74.38%	[61.11, 75.0, 76.92, 60.0, 63.16, 100.0, 77.27, 100.0, 80.0]%
